gene_symbol,uniprot_id,compound_id,smiles,relation,value,units
GRIN1,Q05586,CHEMBL592,CN1CC[C@]23CCCC[C@H]2[C@H]1Cc1ccc(O)cc13,=,2500.0,nM
GRIN1,Q05586,CHEMBL592,CN1CC[C@]23CCCC[C@H]2[C@H]1Cc1ccc(O)cc13,=,2700.0,nM
GRIN1,Q05586,CHEMBL22207,COc1ccc2c(c1)C13CCCCC1C(C2)N(C)CC3,=,240.0,nM
GRIN1,Q05586,CHEMBL22207,COc1ccc2c(c1)C13CCCCC1C(C2)N(C)CC3,=,490.0,nM
GRIN1,Q05586,CHEMBL71,CN(C)CCCN1c2ccccc2Sc2ccc(Cl)cc21,=,1100.0,nM
GRIN1,Q05586,CHEMBL71,CN(C)CCCN1c2ccccc2Sc2ccc(Cl)cc21,=,600.0,nM
GRIN1,Q05586,CHEMBL275528,c1ccc(C2(N3CCCCC3)CCCCC2)cc1,=,15.3,nM
GRIN1,Q05586,CHEMBL289832,O=c1[nH]c2cc(Cl)c(Cl)c([N+](=O)[O-])c2[nH]c1=O,=,5.9,nM
GRIN1,Q05586,CHEMBL289832,O=c1[nH]c2cc(Cl)c(Cl)c([N+](=O)[O-])c2[nH]c1=O,=,5888436.55,nM
GRIN1,Q05586,CHEMBL39664,O=C(O)[C@@H]1C[C@H](CP(=O)(O)O)CCN1,=,54.0,nM
GRIN1,Q05586,CHEMBL39664,O=C(O)[C@@H]1C[C@H](CP(=O)(O)O)CCN1,=,1600.0,nM
GRIN1,Q05586,CHEMBL14935,O=C(O)[C@@H]1C[C@H]2C[C@@H](CCc3nn[nH]n3)CC[C@H]2CN1,=,12100.0,nM
GRIN1,Q05586,CHEMBL1254766,CN1CC[C@@]23CCCC[C@@H]2[C@@H]1Cc1ccc(O)cc13,=,220.0,nM
GRIN1,Q05586,CHEMBL284237,C[C@]12N[C@H](Cc3ccccc31)c1ccccc12,=,1.2,nM
GRIN1,Q05586,CHEMBL86715,OC(CCN1CCCC1)(c1ccccc1)C1CCCCC1,=,1700.0,nM
GRIN1,Q05586,CHEMBL334491,CC(C)(C)N1CCC(c2ccccc2)(c2ccccc2)CC1,=,11700.0,nM
GRIN1,Q05586,CHEMBL807,CC12CC3CC(C)(C1)CC(N)(C3)C2,=,540.0,nM
GRIN1,Q05586,CHEMBL742,CNC1(c2ccccc2Cl)CCCCC1=O,=,420.0,nM
GRIN1,Q05586,CHEMBL284237,C[C@]12N[C@H](Cc3ccccc31)c1ccccc12,=,6.8,nM
GRIN1,Q05586,CHEMBL660,NC12CC3CC(CC(C3)C1)C2,=,10500.0,nM
GRIN1,Q05586,CHEMBL275528,c1ccc(C2(N3CCCCC3)CCCCC2)cc1,=,23.0,nM
GRIN1,Q05586,CHEMBL52440,COc1ccc2c(c1)[C@]13CCCC[C@@H]1[C@H](C2)N(C)CC3,=,1680.0,nM
GRIN1,Q05586,CHEMBL900,Cc1ccccc1C(OCCN(C)C)c1ccccc1,=,6000.0,nM
GRIN1,Q05586,CHEMBL17350,C[C@@H]([C@@H](O)c1ccc(O)cc1)N1CCC(O)(c2ccccc2)CC1,=,11.0,nM
GRIN1,Q05586,CHEMBL17350,C[C@@H]([C@@H](O)c1ccc(O)cc1)N1CCC(O)(c2ccccc2)CC1,=,11.0,nM
GRIN1,Q05586,CHEMBL17350,C[C@@H]([C@@H](O)c1ccc(O)cc1)N1CCC(O)(c2ccccc2)CC1,=,30.0,nM
GRIN1,Q05586,CHEMBL182066,O=C(Nc1ccc2nc(O)oc2c1)C(=O)N1CCC(Cc2ccc(F)cc2)CC1,=,6.0,nM
GRIN1,Q05586,CHEMBL182066,O=C(Nc1ccc2nc(O)oc2c1)C(=O)N1CCC(Cc2ccc(F)cc2)CC1,=,4.0,nM
GRIN1,Q05586,CHEMBL17350,C[C@@H]([C@@H](O)c1ccc(O)cc1)N1CCC(O)(c2ccccc2)CC1,=,7.0,nM
GRIN1,Q05586,CHEMBL305187,CC(C(O)c1ccc(O)cc1)N1CCC(Cc2ccccc2)CC1,=,110.0,nM
GRIN1,Q05586,CHEMBL807,CC12CC3CC(C)(C1)CC(N)(C3)C2,=,9520.0,nM
GRIN1,Q05586,CHEMBL742,CNC1(c2ccccc2Cl)CCCCC1=O,=,3200.0,nM
GRIN1,Q05586,CHEMBL807,CC12CC3CC(C)(C1)CC(N)(C3)C2,=,5500.0,nM
GRIN1,Q05586,CHEMBL742,CNC1(c2ccccc2Cl)CCCCC1=O,=,6100.0,nM
GRIN1,Q05586,CHEMBL95,Nc1c2c(nc3ccccc13)CCCC2,=,4900.0,nM
GRIN1,Q05586,CHEMBL807,CC12CC3CC(C)(C1)CC(N)(C3)C2,=,5600.0,nM
GRIN1,Q05586,CHEMBL95,Nc1c2c(nc3ccccc13)CCCC2,=,44000.0,nM
GRIN1,Q05586,CHEMBL1082723,C[C@H]1Cc2c([nH]c3cc(Cl)c(F)cc23)[C@@]2(N1)C(=O)Nc1ccc(Cl)cc12,>,10000.0,nM
GRIN1,Q05586,CHEMBL305187,CC(C(O)c1ccc(O)cc1)N1CCC(Cc2ccccc2)CC1,=,10.0,nM
GRIN1,Q05586,CHEMBL28564,OC(CN1CCC(Cc2ccc(F)cc2)CC1)c1ccc(Cl)cc1,=,13.0,nM
GRIN1,Q05586,CHEMBL742,CNC1(c2ccccc2Cl)CCCCC1=O,=,5011.87,nM
GRIN1,Q05586,CHEMBL275528,c1ccc(C2(N3CCCCC3)CCCCC2)cc1,=,1258.93,nM
GRIN1,Q05586,CHEMBL742,CNC1(c2ccccc2Cl)CCCCC1=O,=,1258.93,nM
GRIN1,Q05586,CHEMBL275528,c1ccc(C2(N3CCCCC3)CCCCC2)cc1,=,398.11,nM
GRIN1,Q05586,CHEMBL182066,O=C(Nc1ccc2nc(O)oc2c1)C(=O)N1CCC(Cc2ccc(F)cc2)CC1,=,6.0,nM
SNCA,P37840,CHEMBL828,c1ccc2c(c1)Nc1ccccc1S2,>,500.0,nM
SNCA,P37840,CHEMBL828,c1ccc2c(c1)Nc1ccccc1S2,=,26000.0,nM
MAPT,P10636,CHEMBL480,Cc1c(OCC(F)(F)F)ccnc1C[S+]([O-])c1nc2ccccc2[nH]1,=,2.5,nM
MAPT,P10636,CHEMBL93124,CNc1ccc(-c2nc3ccc(O)cc3s2)cc1,=,3255.0,nM
MAPT,P10636,CHEMBL1790006,Cc1cc2nc3ccc(N(C)C)cc3[s+]c2cc1N.[Cl-],=,69.0,nM
GRIN1,Q05586,CHEMBL305187,CC(C(O)c1ccc(O)cc1)N1CCC(Cc2ccccc2)CC1,=,340.0,nM
MAPT,P10636,CHEMBL405110,CN(C)c1ccc2nc3ccc(N(C)C)cc3[s+]c2c1.[Cl-],=,3400.0,nM
MAPT,P10636,CHEMBL1790006,Cc1cc2nc3ccc(N(C)C)cc3[s+]c2cc1N.[Cl-],=,69.0,nM
MAPT,P10636,CHEMBL583912,Oc1cc(O)c2c(c1)O[C@H](c1ccc(O)c(O)c1)[C@H](O)C2,>=,200000.0,nM
MAPT,P10636,CHEMBL297453,O=C(O[C@@H]1Cc2c(O)cc(O)cc2O[C@@H]1c1cc(O)c(O)c(O)c1)c1cc(O)c(O)c(O)c1,=,1800.0,nM
MAPT,P10636,CHEMBL405110,CN(C)c1ccc2nc3ccc(N(C)C)cc3[s+]c2c1.[Cl-],=,1900.0,nM
GRIN1,Q05586,CHEMBL299155,O=C(O)c1cc(=O)c2ccccc2[nH]1,=,15000.0,nM
GRIN1,Q05586,CHEMBL807,CC12CC3CC(C)(C1)CC(N)(C3)C2,=,0.95,nM
LRRK2,Q5S007,CHEMBL535,CCN(CC)CCNC(=O)c1c(C)[nH]c(/C=C2\C(=O)Nc3ccc(F)cc32)c1C,=,15.0,nM
LRRK2,Q5S007,CHEMBL535,CCN(CC)CCNC(=O)c1c(C)[nH]c(/C=C2\C(=O)Nc3ccc(F)cc32)c1C,=,28.0,nM
LRRK2,Q5S007,CHEMBL3122113,CNc1nc(Nc2cn(C(C)(C)C#N)nc2C)ncc1C(F)(F)F,=,3.0,nM
LRRK2,Q5S007,CHEMBL3122113,CNc1nc(Nc2cn(C(C)(C)C#N)nc2C)ncc1C(F)(F)F,=,0.7,nM
GRIN1,Q05586,CHEMBL807,CC12CC3CC(C)(C1)CC(N)(C3)C2,=,1200.0,nM
GRIN1,Q05586,CHEMBL55,N=C(N)c1ccc(OCCCCCOc2ccc(C(=N)N)cc2)cc1,=,720.0,nM
GRIN1,Q05586,CHEMBL742,CNC1(c2ccccc2Cl)CCCCC1=O,=,3310.0,nM
GRIN1,Q05586,CHEMBL807,CC12CC3CC(C)(C1)CC(N)(C3)C2,=,4360.0,nM
GRIN1,Q05586,CHEMBL1254766,CN1CC[C@@]23CCCC[C@@H]2[C@@H]1Cc1ccc(O)cc13,=,1300.0,nM
COMT,P21964,CHEMBL1089318,Cc1c(Cl)c(C)[n+]([O-])c(Cl)c1-c1noc(-c2cc(O)c(O)c([N+](=O)[O-])c2)n1,=,1.0,nM
COMT,P21964,CHEMBL1089318,Cc1c(Cl)c(C)[n+]([O-])c(Cl)c1-c1noc(-c2cc(O)c(O)c([N+](=O)[O-])c2)n1,=,10.0,nM
MAPT,P10636,CHEMBL191083,CN(C)c1ccc2nc3ccc(=[N+](C)C)cc-3sc2c1,=,2200.0,nM
GRIN1,Q05586,CHEMBL589390,Cc1ccc2c(c1)c1c(n2CCc2ccc(C)nc2)CCN(C)C1,=,13900.0,nM
GRIN1,Q05586,CHEMBL660,NC12CC3CC(CC(C3)C1)C2,=,10000.0,nM
GRIN1,Q05586,CHEMBL95,Nc1c2c(nc3ccccc13)CCCC2,=,4900.0,nM
GRIN1,Q05586,CHEMBL807,CC12CC3CC(C)(C1)CC(N)(C3)C2,=,4400.0,nM
GRIN1,Q05586,CHEMBL95,Nc1c2c(nc3ccccc13)CCCC2,=,44000.0,nM
GRIN1,Q05586,CHEMBL807,CC12CC3CC(C)(C1)CC(N)(C3)C2,=,5200.0,nM
GRIN1,Q05586,CHEMBL395091,CN[C@]1(c2ccccc2Cl)CCCCC1=O,=,11.4,nM
GRIN1,Q05586,CHEMBL275528,c1ccc(C2(N3CCCCC3)CCCCC2)cc1,=,11.8,nM
GRIN1,Q05586,CHEMBL1165411,c1ccc(C2(c3ccccc3)OC[C@H]([C@@H]3CCCCN3)O2)cc1,=,9.7,nM
GRIN1,Q05586,CHEMBL1165411,c1ccc(C2(c3ccccc3)OC[C@H]([C@@H]3CCCCN3)O2)cc1,=,19.0,nM
GRIN1,Q05586,CHEMBL305904,CC[C@]1(c2ccccc2)OC[C@H]([C@@H]2CCCCN2)O1,=,22.0,nM
COMT,P21964,CHEMBL953,CCN(CC)C(=O)/C(C#N)=C/c1cc(O)c(O)c([N+](=O)[O-])c1,=,386.0,nM
COMT,P21964,CHEMBL1324,Cc1ccc(C(=O)c2cc(O)c(O)c([N+](=O)[O-])c2)cc1,=,127.0,nM
MAPT,P10636,CHEMBL140,COc1cc(/C=C/C(=O)CC(=O)/C=C/c2ccc(O)c(OC)c2)ccc1O,=,3000.0,nM
MAPT,P10636,CHEMBL405110,CN(C)c1ccc2nc3ccc(N(C)C)cc3[s+]c2c1.[Cl-],=,1400.0,nM
MAPT,P10636,CHEMBL140,COc1cc(/C=C/C(=O)CC(=O)/C=C/c2ccc(O)c(OC)c2)ccc1O,=,3500.0,nM
MAPT,P10636,CHEMBL140,COc1cc(/C=C/C(=O)CC(=O)/C=C/c2ccc(O)c(OC)c2)ccc1O,=,13000.0,nM
COMT,P21964,CHEMBL1324,Cc1ccc(C(=O)c2cc(O)c(O)c([N+](=O)[O-])c2)cc1,<,1.0,nM
LRRK2,Q5S007,CHEMBL3924132,CCOc1cc(-c2nncn2C)ccc1Nc1ncc2cc(C)nc(NCC(C)(C)C)c2n1,=,48.0,nM
SNCA,P37840,CHEMBL4173394,CCOc1ccc(Nc2ccc(/C(=C3/C=C/C(=[N+](/CC)Cc4cccc(S(=O)(=O)[O-])c4)C=C3C)c3ccc(N(CC)Cc4cccc(S(=O)(=O)[O-])c4)cc3C)cc2)cc1.[Na+],=,5400.0,nM
GRIN1,Q05586,CHEMBL305187,CC(C(O)c1ccc(O)cc1)N1CCC(Cc2ccccc2)CC1,=,10.0,nM
GRIN1,Q05586,CHEMBL807,CC12CC3CC(C)(C1)CC(N)(C3)C2,=,1000.0,nM
GRIN1,Q05586,CHEMBL1699,CC12CC3CC(C)(C1)CC(N)(C3)C2.Cl,=,2300.0,nM
GRIN1,Q05586,CHEMBL742,CNC1(c2ccccc2Cl)CCCCC1=O,=,1900.0,nM
COMT,P21964,CHEMBL1324,Cc1ccc(C(=O)c2cc(O)c(O)c([N+](=O)[O-])c2)cc1,<,1.0,nM
PLA2G6,O60733,CHEMBL148674,CCc1c(C(=O)C(N)=O)c2c(OCC(=O)O)cccc2n1Cc1ccccc1,=,590.0,nM
PLA2G6,O60733,CHEMBL148674,CCc1c(C(=O)C(N)=O)c2c(OCC(=O)O)cccc2n1Cc1ccccc1,=,600.0,nM
PLA2G6,O60733,CHEMBL148674,CCc1c(C(=O)C(N)=O)c2c(OCC(=O)O)cccc2n1Cc1ccccc1,=,330.0,nM
PLA2G6,O60733,CHEMBL148674,CCc1c(C(=O)C(N)=O)c2c(OCC(=O)O)cccc2n1Cc1ccccc1,=,250.0,nM
PLA2G6,O60733,CHEMBL148674,CCc1c(C(=O)C(N)=O)c2c(OCC(=O)O)cccc2n1Cc1ccccc1,=,22000.0,nM
PLA2G6,O60733,CHEMBL148674,CCc1c(C(=O)C(N)=O)c2c(OCC(=O)O)cccc2n1Cc1ccccc1,=,104.0,nM
PLA2G6,O60733,CHEMBL148674,CCc1c(C(=O)C(N)=O)c2c(OCC(=O)O)cccc2n1Cc1ccccc1,=,131.0,nM
PLA2G6,O60733,CHEMBL148674,CCc1c(C(=O)C(N)=O)c2c(OCC(=O)O)cccc2n1Cc1ccccc1,=,56.0,nM
COMT,P21964,CHEMBL953,CCN(CC)C(=O)/C(C#N)=C/c1cc(O)c(O)c([N+](=O)[O-])c1,=,60.0,nM
SNCA,P37840,CHEMBL288114,O=C(O)c1cc(O)c(O)c(O)c1,=,4430.0,nM
LRRK2,Q5S007,CHEMBL3122113,CNc1nc(Nc2cn(C(C)(C)C#N)nc2C)ncc1C(F)(F)F,=,0.6,nM
GRIN1,Q05586,CHEMBL807,CC12CC3CC(C)(C1)CC(N)(C3)C2,=,540.0,nM
GRIN1,Q05586,CHEMBL275528,c1ccc(C2(N3CCCCC3)CCCCC2)cc1,=,59.0,nM
GRIN1,Q05586,CHEMBL467084,N[C@@H](Cc1ccccn1)c1ccccc1,=,560.0,nM
GRIN1,Q05586,CHEMBL742,CNC1(c2ccccc2Cl)CCCCC1=O,=,180.0,nM
GRIN1,Q05586,CHEMBL742,CNC1(c2ccccc2Cl)CCCCC1=O,=,180.0,nM
GRIN1,Q05586,CHEMBL742,CNC1(c2ccccc2Cl)CCCCC1=O,=,180.0,nM
SNCA,P37840,CHEMBL135,C[C@]12CC[C@@H]3c4ccc(O)cc4CC[C@H]3[C@@H]1CC[C@@H]2O,=,60000.0,nM
SNCA,P37840,CHEMBL193482,C[C@]12CC[C@@H]3c4ccc(O)cc4CC[C@H]3[C@@H]1C[C@@H](O)[C@@H]2O,=,20100.0,nM
SNCA,P37840,CHEMBL1405,C[C@]12CC[C@@H]3c4ccc(O)cc4CC[C@H]3[C@@H]1CCC2=O,=,93100.0,nM
SNCA,P37840,CHEMBL386630,C[C@]12CC[C@H]3[C@@H](CCC4=CC(=O)CC[C@@]43C)[C@@H]1CC[C@@H]2O,=,96800.0,nM
SNCA,P37840,CHEMBL8260,O=c1cc(-c2ccccc2)oc2cc(O)c(O)c(O)c12,=,8200.0,nM
SNCA,P37840,CHEMBL59,NCCc1ccc(O)c(O)c1,=,7100.0,nM
SNCA,P37840,CHEMBL583912,Oc1cc(O)c2c(c1)O[C@H](c1ccc(O)c(O)c1)[C@H](O)C2,=,29900.0,nM
SNCA,P37840,CHEMBL286494,Cc1cc(O)c2c(=O)c3c(O)cc(O)c4c5c(O)cc(O)c6c(=O)c7c(O)cc(C)c8c1c2c(c34)c(c78)c65,=,7500.0,nM
SNCA,P37840,CHEMBL151,O=c1cc(-c2ccc(O)c(O)c2)oc2cc(O)cc(O)c12,=,28000.0,nM
SNCA,P37840,CHEMBL50,O=c1c(O)c(-c2ccc(O)c(O)c2)oc2cc(O)cc(O)c12,=,20000.0,nM
SNCA,P37840,CHEMBL374478,CO[C@H]1/C=C/O[C@@]2(C)Oc3c(C)c(O)c4c(O)c(c(/C=N/N5CCN(C)CC5)c(O)c4c3C2=O)NC(=O)/C(C)=C\C=C\[C@H](C)[C@H](O)[C@@H](C)[C@@H](O)[C@@H](C)[C@H](OC(C)=O)[C@@H]1C,=,46200.0,nM
SNCA,P37840,CHEMBL140,COc1cc(/C=C/C(=O)CC(=O)/C=C/c2ccc(O)c(OC)c2)ccc1O,=,220.0,nM
SNCA,P37840,CHEMBL583912,Oc1cc(O)c2c(c1)O[C@H](c1ccc(O)c(O)c1)[C@H](O)C2,=,800.0,nM
SNCA,P37840,CHEMBL374478,CO[C@H]1/C=C/O[C@@]2(C)Oc3c(C)c(O)c4c(O)c(c(/C=N/N5CCN(C)CC5)c(O)c4c3C2=O)NC(=O)/C(C)=C\C=C\[C@H](C)[C@H](O)[C@@H](C)[C@@H](O)[C@@H](C)[C@H](OC(C)=O)[C@@H]1C,=,7100.0,nM
SNCA,P37840,CHEMBL38,CC1=C(/C=C/C(C)=C/C=C/C(C)=C/C(=O)O)C(C)(C)CCC1,=,3000.0,nM
SNCA,P37840,CHEMBL986,CC1=C(/C=C/C(C)=C/C=C/C(C)=C/CO)C(C)(C)CCC1,=,190.0,nM
SNCA,P37840,CHEMBL1440,CN(C)[C@@H]1C(O)=C(C(N)=O)C(=O)[C@@]2(O)C(O)=C3C(=O)c4c(O)cccc4[C@@](C)(O)[C@H]3C[C@@H]12,=,6060.0,nM
SNCA,P37840,CHEMBL493,CC(C)C[C@H]1C(=O)N2CCC[C@H]2[C@]2(O)O[C@](NC(=O)[C@@H]3C=C4c5cccc6[nH]c(Br)c(c56)C[C@H]4N(C)C3)(C(C)C)C(=O)N12,=,24700.0,nM
SNCA,P37840,CHEMBL59,NCCc1ccc(O)c(O)c1,=,530.0,nM
SNCA,P37840,CHEMBL531,CCCN1C[C@H](CSC)C[C@@H]2c3cccc4[nH]cc(c34)C[C@H]21,=,7900.0,nM
SNCA,P37840,CHEMBL972,C#CCN(C)[C@H](C)Cc1ccccc1,=,270.0,nM
SNCA,P37840,CHEMBL140,COc1cc(/C=C/C(=O)CC(=O)/C=C/c2ccc(O)c(OC)c2)ccc1O,=,161800.0,nM
SNCA,P37840,CHEMBL1550,CC1=C(C/C=C(\C)CCC[C@H](C)CCC[C@H](C)CCCC(C)C)C(=O)c2ccccc2C1=O,=,15000.0,nM
SNCA,P37840,CHEMBL259223,CC(C)=CCC/C(C)=C/CC/C(C)=C/CC/C(C)=C/CC1=C(C)C(=O)c2ccccc2C1=O,=,15000.0,nM
SNCA,P37840,CHEMBL590,CC1=CC(=O)c2ccccc2C1=O,=,15000.0,nM
MAPT,P10636,CHEMBL405110,CN(C)c1ccc2nc3ccc(N(C)C)cc3[s+]c2c1.[Cl-],=,31000.0,nM
GRIN1,Q05586,CHEMBL95,Nc1c2c(nc3ccccc13)CCCC2,=,9100.0,nM
GRIN1,Q05586,CHEMBL95,Nc1c2c(nc3ccccc13)CCCC2,=,84600.0,nM
GRIN1,Q05586,CHEMBL807,CC12CC3CC(C)(C1)CC(N)(C3)C2,=,6700.0,nM
LRRK2,Q5S007,CHEMBL226345,Nc1[nH]cnc2ncnc1-2,=,15809.0,nM
LRRK2,Q5S007,CHEMBL226345,Nc1[nH]cnc2ncnc1-2,=,6715.0,nM
MAPT,P10636,CHEMBL140,COc1cc(/C=C/C(=O)CC(=O)/C=C/c2ccc(O)c(OC)c2)ccc1O,>,200000.0,nM
GRIN1,Q05586,CHEMBL452461,O=c1c2c(c1=O)N(CCP(=O)(O)O)CCCN2,=,30.0,nM
GRIN1,Q05586,CHEMBL575060,N[C@@H](CCC(=O)O)C(=O)O,=,70.0,nM
GRIN1,Q05586,CHEMBL452461,O=c1c2c(c1=O)N(CCP(=O)(O)O)CCCN2,=,7600.0,nM
SNCA,P37840,CHEMBL140,COc1cc(/C=C/C(=O)CC(=O)/C=C/c2ccc(O)c(OC)c2)ccc1O,=,3300.0,nM
MAPT,P10636,CHEMBL279014,CCN(CC)CCNc1ccc(C)c2sc3ccccc3c(=O)c12,=,10900.0,nM
MAPT,P10636,CHEMBL140,COc1cc(/C=C/C(=O)CC(=O)/C=C/c2ccc(O)c(OC)c2)ccc1O,=,3000.0,nM
LRRK2,Q5S007,CHEMBL4297865,C=CC(=O)Nc1cccc(Oc2nc(Nc3ccc(N4CCN(C)CC4)c(F)c3)nc3[nH]ccc23)c1,=,410.3,nM
LRRK2,Q5S007,CHEMBL2316582,Cc1ccc(C(=O)Nc2ccc(CN3CCN(C)CC3)c(C(F)(F)F)c2)cc1C#Cc1cnc2[nH]ncc2c1,=,80.0,nM
LRRK2,Q5S007,CHEMBL1738757,CNC(=O)c1cc(Oc2ccc(NC(=O)Nc3cc(C(C)(C)C)nn3-c3ccc4ncccc4c3)c(F)c2)ccn1,=,737.0,nM
LRRK2,Q5S007,CHEMBL535,CCN(CC)CCNC(=O)c1c(C)[nH]c(/C=C2\C(=O)Nc3ccc(F)cc32)c1C,=,19.0,nM
LRRK2,Q5S007,CHEMBL535,CCN(CC)CCNC(=O)c1c(C)[nH]c(/C=C2\C(=O)Nc3ccc(F)cc32)c1C,=,79.0,nM
LRRK2,Q5S007,CHEMBL4297865,C=CC(=O)Nc1cccc(Oc2nc(Nc3ccc(N4CCN(C)CC4)c(F)c3)nc3[nH]ccc23)c1,=,177.0,nM
LRRK2,Q5S007,CHEMBL2316582,Cc1ccc(C(=O)Nc2ccc(CN3CCN(C)CC3)c(C(F)(F)F)c2)cc1C#Cc1cnc2[nH]ncc2c1,=,17.0,nM
LRRK2,Q5S007,CHEMBL1738757,CNC(=O)c1cc(Oc2ccc(NC(=O)Nc3cc(C(C)(C)C)nn3-c3ccc4ncccc4c3)c(F)c2)ccn1,=,192.0,nM
LRRK2,Q5S007,CHEMBL1171837,Cc1ccc(C(=O)Nc2ccc(CN3CCN(C)CC3)c(C(F)(F)F)c2)cc1C#Cc1cnc2cccnn12,=,31.0,nM
LRRK2,Q5S007,CHEMBL1171837,Cc1ccc(C(=O)Nc2ccc(CN3CCN(C)CC3)c(C(F)(F)F)c2)cc1C#Cc1cnc2cccnn12,=,200.0,nM
LRRK2,Q5S007,CHEMBL1171837,Cc1ccc(C(=O)Nc2ccc(CN3CCN(C)CC3)c(C(F)(F)F)c2)cc1C#Cc1cnc2cccnn12,=,600.0,nM
SNCA,P37840,CHEMBL297453,O=C(O[C@@H]1Cc2c(O)cc(O)cc2O[C@@H]1c1cc(O)c(O)c(O)c1)c1cc(O)c(O)c(O)c1,=,2580.0,nM
GRIN1,Q05586,CHEMBL575060,N[C@@H](CCC(=O)O)C(=O)O,=,200.0,nM
GRIN1,Q05586,CHEMBL305187,CC(C(O)c1ccc(O)cc1)N1CCC(Cc2ccccc2)CC1,=,127.8,nM
SNCA,P37840,CHEMBL297453,O=C(O[C@@H]1Cc2c(O)cc(O)cc2O[C@@H]1c1cc(O)c(O)c(O)c1)c1cc(O)c(O)c(O)c1,=,2580.0,nM
SNCA,P37840,CHEMBL297453,O=C(O[C@@H]1Cc2c(O)cc(O)cc2O[C@@H]1c1cc(O)c(O)c(O)c1)c1cc(O)c(O)c(O)c1,=,2570.0,nM
LRRK2,Q5S007,CHEMBL3639728,COc1ncc(F)cc1CNc1ccc(Cc2c[nH]c3ncc(C)cc23)c(F)n1,>,1000.0,nM
LRRK2,Q5S007,CHEMBL1738757,CNC(=O)c1cc(Oc2ccc(NC(=O)Nc3cc(C(C)(C)C)nn3-c3ccc4ncccc4c3)c(F)c2)ccn1,=,620.0,nM
VPS35,Q96QK1,CHEMBL1232461,CCNC(=O)C[C@@H]1N=C(c2ccc(Cl)cc2)c2cc(OC)ccc2-n2c(C)nnc21,=,5760.0,nM
PARK7,Q99497,CHEMBL1232461,CCNC(=O)C[C@@H]1N=C(c2ccc(Cl)cc2)c2cc(OC)ccc2-n2c(C)nnc21,=,10000.0,nM
LRRK2,Q5S007,CHEMBL3545311,COc1cc(N2CCC(N3CCN(C)CC3)CC2)ccc1Nc1ncc(Cl)c(Nc2ccccc2P(C)(C)=O)n1,=,51.0,nM
LRRK2,Q5S007,CHEMBL38380,O=S(=O)(c1cccc2cnccc12)N1CCCNCC1,>,30000.0,nM
LRRK2,Q5S007,CHEMBL535,CCN(CC)CCNC(=O)c1c(C)[nH]c(/C=C2\C(=O)Nc3ccc(F)cc32)c1C,=,79.0,nM
LRRK2,Q5S007,CHEMBL38380,O=S(=O)(c1cccc2cnccc12)N1CCCNCC1,>,30000.0,nM
LRRK2,Q5S007,CHEMBL535,CCN(CC)CCNC(=O)c1c(C)[nH]c(/C=C2\C(=O)Nc3ccc(F)cc32)c1C,=,19.0,nM
LRRK2,Q5S007,CHEMBL535,CCN(CC)CCNC(=O)c1c(C)[nH]c(/C=C2\C(=O)Nc3ccc(F)cc32)c1C,=,40.0,nM
LRRK2,Q5S007,CHEMBL535,CCN(CC)CCNC(=O)c1c(C)[nH]c(/C=C2\C(=O)Nc3ccc(F)cc32)c1C,=,40.0,nM
MAPT,P10636,CHEMBL4804173,Nc1c(F)ccc2cnc(-n3ccc4ccncc43)cc12,=,0.43,nM
GRIN1,Q05586,CHEMBL5095074,Oc1ccc([C@@H](O)CN2C[C@H]3C[C@H](Oc4ccccc4F)C[C@H]3C2)nc1,=,8.3,nM
LRRK2,Q5S007,CHEMBL3122113,CNc1nc(Nc2cn(C(C)(C)C#N)nc2C)ncc1C(F)(F)F,<,30.0,nM
LRRK2,Q5S007,CHEMBL3122113,CNc1nc(Nc2cn(C(C)(C)C#N)nc2C)ncc1C(F)(F)F,<,30.0,nM
LRRK2,Q5S007,CHEMBL3122113,CNc1nc(Nc2cn(C(C)(C)C#N)nc2C)ncc1C(F)(F)F,<,30.0,nM
LRRK2,Q5S007,CHEMBL3122113,CNc1nc(Nc2cn(C(C)(C)C#N)nc2C)ncc1C(F)(F)F,<,30.0,nM
LRRK2,Q5S007,CHEMBL3122113,CNc1nc(Nc2cn(C(C)(C)C#N)nc2C)ncc1C(F)(F)F,<,30.0,nM
LRRK2,Q5S007,CHEMBL3122113,CNc1nc(Nc2cn(C(C)(C)C#N)nc2C)ncc1C(F)(F)F,<,30.0,nM
LRRK2,Q5S007,CHEMBL3122113,CNc1nc(Nc2cn(C(C)(C)C#N)nc2C)ncc1C(F)(F)F,<,30.0,nM
LRRK2,Q5S007,CHEMBL3122113,CNc1nc(Nc2cn(C(C)(C)C#N)nc2C)ncc1C(F)(F)F,<,30.0,nM
LRRK2,Q5S007,CHEMBL3122113,CNc1nc(Nc2cn(C(C)(C)C#N)nc2C)ncc1C(F)(F)F,<,30.0,nM
LRRK2,Q5S007,CHEMBL3122113,CNc1nc(Nc2cn(C(C)(C)C#N)nc2C)ncc1C(F)(F)F,<,30.0,nM
LRRK2,Q5S007,CHEMBL3122113,CNc1nc(Nc2cn(C(C)(C)C#N)nc2C)ncc1C(F)(F)F,<,30.0,nM
LRRK2,Q5S007,CHEMBL3122113,CNc1nc(Nc2cn(C(C)(C)C#N)nc2C)ncc1C(F)(F)F,<,30.0,nM
SNCA,P37840,CHEMBL1908919,CNc1ccc(/C=C/c2ccc(OCCOCCOCCF)nc2)cc1,=,76.6,nM
MAPT,P10636,CHEMBL1908919,CNc1ccc(/C=C/c2ccc(OCCOCCOCCF)nc2)cc1,=,30.6,nM
SNCA,P37840,CHEMBL5095072,CCCC[C@H](Cc1c[nH]c2ccccc12)NC(=O)c1cnc(N2CCN(C)CC2)s1,=,700.0,nM
LRRK2,Q5S007,CHEMBL3122113,CNc1nc(Nc2cn(C(C)(C)C#N)nc2C)ncc1C(F)(F)F,<,30.0,nM
LRRK2,Q5S007,CHEMBL3122113,CNc1nc(Nc2cn(C(C)(C)C#N)nc2C)ncc1C(F)(F)F,<,30.0,nM
LRRK2,Q5S007,CHEMBL3122113,CNc1nc(Nc2cn(C(C)(C)C#N)nc2C)ncc1C(F)(F)F,<,30.0,nM
LRRK2,Q5S007,CHEMBL3122113,CNc1nc(Nc2cn(C(C)(C)C#N)nc2C)ncc1C(F)(F)F,<,30.0,nM
LRRK2,Q5S007,CHEMBL3122113,CNc1nc(Nc2cn(C(C)(C)C#N)nc2C)ncc1C(F)(F)F,<,30.0,nM
LRRK2,Q5S007,CHEMBL3122113,CNc1nc(Nc2cn(C(C)(C)C#N)nc2C)ncc1C(F)(F)F,<,30.0,nM
LRRK2,Q5S007,CHEMBL3122113,CNc1nc(Nc2cn(C(C)(C)C#N)nc2C)ncc1C(F)(F)F,<,30.0,nM
LRRK2,Q5S007,CHEMBL3122113,CNc1nc(Nc2cn(C(C)(C)C#N)nc2C)ncc1C(F)(F)F,<,30.0,nM
LRRK2,Q5S007,CHEMBL3122113,CNc1nc(Nc2cn(C(C)(C)C#N)nc2C)ncc1C(F)(F)F,<,30.0,nM
LRRK2,Q5S007,CHEMBL3122113,CNc1nc(Nc2cn(C(C)(C)C#N)nc2C)ncc1C(F)(F)F,<,30.0,nM
LRRK2,Q5S007,CHEMBL3122113,CNc1nc(Nc2cn(C(C)(C)C#N)nc2C)ncc1C(F)(F)F,<,30.0,nM
LRRK2,Q5S007,CHEMBL3122113,CNc1nc(Nc2cn(C(C)(C)C#N)nc2C)ncc1C(F)(F)F,<,30.0,nM
GRIN1,Q05586,CHEMBL742,CNC1(c2ccccc2Cl)CCCCC1=O,=,500.0,nM
GRIN1,Q05586,CHEMBL807,CC12CC3CC(C)(C1)CC(N)(C3)C2,=,840.0,nM
GRIN1,Q05586,CHEMBL742,CNC1(c2ccccc2Cl)CCCCC1=O,=,510.0,nM
GRIN1,Q05586,CHEMBL807,CC12CC3CC(C)(C1)CC(N)(C3)C2,=,780.0,nM
GRIN1,Q05586,CHEMBL807,CC12CC3CC(C)(C1)CC(N)(C3)C2,=,28070.0,nM
GRIN1,Q05586,CHEMBL742,CNC1(c2ccccc2Cl)CCCCC1=O,=,53320.0,nM
GRIN1,Q05586,CHEMBL807,CC12CC3CC(C)(C1)CC(N)(C3)C2,=,25630.0,nM
GRIN1,Q05586,CHEMBL742,CNC1(c2ccccc2Cl)CCCCC1=O,=,15220.0,nM
GRIN1,Q05586,CHEMBL1254766,CN1CC[C@@]23CCCC[C@@H]2[C@@H]1Cc1ccc(O)cc13,=,280.0,nM
GRIN1,Q05586,CHEMBL2106325,Cc1ccc2c(c1)[C@]13CCCC[C@@H]1[C@H](C2)N(C)CC3,=,2960.0,nM
GRIN1,Q05586,CHEMBL52440,COc1ccc2c(c1)[C@]13CCCC[C@@H]1[C@H](C2)N(C)CC3,=,1040.0,nM
GRIN1,Q05586,CHEMBL284237,C[C@]12N[C@H](Cc3ccccc31)c1ccccc12,=,251.19,nM
GRIN1,Q05586,CHEMBL742,CNC1(c2ccccc2Cl)CCCCC1=O,=,25118.86,nM
GRIN1,Q05586,CHEMBL159659,CCC(=O)C(C[C@@H](C)N(C)C)(c1ccccc1)c1ccccc1,=,19952.62,nM
GRIN1,Q05586,CHEMBL350719,CCC(=O)C(C[C@H](C)N(C)C)(c1ccccc1)c1ccccc1,=,39810.72,nM
GRIN1,Q05586,CHEMBL807,CC12CC3CC(C)(C1)CC(N)(C3)C2,=,31622.78,nM
GRIN1,Q05586,CHEMBL52440,COc1ccc2c(c1)[C@]13CCCC[C@@H]1[C@H](C2)N(C)CC3,=,50118.72,nM
GRIN1,Q05586,CHEMBL162243,CC[C@H](O)C(C[C@@H](C)N(C)C)(c1ccccc1)c1ccccc1,=,31622.78,nM
GRIN1,Q05586,CHEMBL159660,CC[C@@H](O)C(C[C@@H](C)N(C)C)(c1ccccc1)c1ccccc1,=,31622.78,nM
GRIN1,Q05586,CHEMBL284237,C[C@]12N[C@H](Cc3ccccc31)c1ccccc12,=,63.1,nM
GRIN1,Q05586,CHEMBL742,CNC1(c2ccccc2Cl)CCCCC1=O,=,6309.57,nM
GRIN1,Q05586,CHEMBL159659,CCC(=O)C(C[C@@H](C)N(C)C)(c1ccccc1)c1ccccc1,=,10000.0,nM
GRIN1,Q05586,CHEMBL350719,CCC(=O)C(C[C@H](C)N(C)C)(c1ccccc1)c1ccccc1,=,12589.25,nM
GRIN1,Q05586,CHEMBL807,CC12CC3CC(C)(C1)CC(N)(C3)C2,=,10000.0,nM
GRIN1,Q05586,CHEMBL52440,COc1ccc2c(c1)[C@]13CCCC[C@@H]1[C@H](C2)N(C)CC3,=,15848.93,nM
GRIN1,Q05586,CHEMBL159660,CC[C@@H](O)C(C[C@@H](C)N(C)C)(c1ccccc1)c1ccccc1,=,100000.0,nM
GRIN1,Q05586,CHEMBL284237,C[C@]12N[C@H](Cc3ccccc31)c1ccccc12,=,630.96,nM
GRIN1,Q05586,CHEMBL742,CNC1(c2ccccc2Cl)CCCCC1=O,=,3981.07,nM
GRIN1,Q05586,CHEMBL159659,CCC(=O)C(C[C@@H](C)N(C)C)(c1ccccc1)c1ccccc1,=,7943.28,nM
GRIN1,Q05586,CHEMBL350719,CCC(=O)C(C[C@H](C)N(C)C)(c1ccccc1)c1ccccc1,=,6309.57,nM
GRIN1,Q05586,CHEMBL807,CC12CC3CC(C)(C1)CC(N)(C3)C2,=,3162.28,nM
GRIN1,Q05586,CHEMBL52440,COc1ccc2c(c1)[C@]13CCCC[C@@H]1[C@H](C2)N(C)CC3,=,6309.57,nM
GRIN1,Q05586,CHEMBL162243,CC[C@H](O)C(C[C@@H](C)N(C)C)(c1ccccc1)c1ccccc1,=,63095.73,nM
GRIN1,Q05586,CHEMBL159660,CC[C@@H](O)C(C[C@@H](C)N(C)C)(c1ccccc1)c1ccccc1,=,79432.82,nM
GRIN1,Q05586,CHEMBL284237,C[C@]12N[C@H](Cc3ccccc31)c1ccccc12,=,794.33,nM
GRIN1,Q05586,CHEMBL742,CNC1(c2ccccc2Cl)CCCCC1=O,=,10000.0,nM
GRIN1,Q05586,CHEMBL159659,CCC(=O)C(C[C@@H](C)N(C)C)(c1ccccc1)c1ccccc1,=,12589.25,nM
GRIN1,Q05586,CHEMBL350719,CCC(=O)C(C[C@H](C)N(C)C)(c1ccccc1)c1ccccc1,=,25118.86,nM
GRIN1,Q05586,CHEMBL807,CC12CC3CC(C)(C1)CC(N)(C3)C2,=,10000.0,nM
GRIN1,Q05586,CHEMBL52440,COc1ccc2c(c1)[C@]13CCCC[C@@H]1[C@H](C2)N(C)CC3,=,25118.86,nM
GRIN1,Q05586,CHEMBL162243,CC[C@H](O)C(C[C@@H](C)N(C)C)(c1ccccc1)c1ccccc1,=,63095.73,nM
GRIN1,Q05586,CHEMBL159660,CC[C@@H](O)C(C[C@@H](C)N(C)C)(c1ccccc1)c1ccccc1,=,50118.72,nM
