compound_name,chembl_id,smiles,target_genes,pchembl_value,clinical_phase,toxicity_score,ro5_pass,bbb_permeability,top_adverse_reactions,active_trial_count,composite_score
ESKETAMINE,CHEMBL395091,CN[C@]1(c2ccccc2Cl)CCCCC1=O,GRIN1,7.9431,4.0,0.5063,True,0.9728,"SUICIDAL IDEATION, SUICIDE ATTEMPT, DRUG INEFFECTIVE",1,0.7303
LANSOPRAZOLE,CHEMBL480,Cc1c(OCC(F)(F)F)ccnc1C[S+]([O-])c1nc2ccccc2[nH]1,MAPT,8.6021,4.0,0.5968,True,0.9696,"DIARRHOEA, DYSPNOEA, NAUSEA",0,0.7133
MEMANTINE,CHEMBL807,CC12CC3CC(C)(C1)CC(N)(C3)C2,GRIN1,6.2676,4.0,0.4478,True,0.9909,"FALL, DEATH, DRUG INEFFECTIVE",0,0.7071
MEMANTINE,CHEMBL807,CC12CC3CC(C)(C1)CC(N)(C3)C2,GRIN1,6.2676,4.0,0.4478,True,0.9909,"FALL, DEATH, DRUG INEFFECTIVE",0,0.7071
MEMANTINE,CHEMBL807,CC12CC3CC(C)(C1)CC(N)(C3)C2,GRIN1,6.2676,4.0,0.4478,True,0.9909,"FALL, DEATH, DRUG INEFFECTIVE",0,0.7071
MEMANTINE,CHEMBL807,CC12CC3CC(C)(C1)CC(N)(C3)C2,GRIN1,6.2676,4.0,0.4478,True,0.9909,"FALL, DEATH, DRUG INEFFECTIVE",0,0.7071
MEMANTINE,CHEMBL807,CC12CC3CC(C)(C1)CC(N)(C3)C2,GRIN1,6.2676,4.0,0.4478,True,0.9909,"FALL, DEATH, DRUG INEFFECTIVE",0,0.7071
MEMANTINE,CHEMBL807,CC12CC3CC(C)(C1)CC(N)(C3)C2,GRIN1,6.2676,4.0,0.4478,True,0.9909,"FALL, DEATH, DRUG INEFFECTIVE",0,0.7071
MEMANTINE,CHEMBL807,CC12CC3CC(C)(C1)CC(N)(C3)C2,GRIN1,6.2676,4.0,0.4478,True,0.9909,"FALL, DEATH, DRUG INEFFECTIVE",0,0.7071
MEMANTINE,CHEMBL807,CC12CC3CC(C)(C1)CC(N)(C3)C2,GRIN1,6.2676,4.0,0.4478,True,0.9909,"FALL, DEATH, DRUG INEFFECTIVE",0,0.7071
MEMANTINE,CHEMBL807,CC12CC3CC(C)(C1)CC(N)(C3)C2,GRIN1,6.2676,4.0,0.4478,True,0.9909,"FALL, DEATH, DRUG INEFFECTIVE",0,0.7071
MEMANTINE,CHEMBL807,CC12CC3CC(C)(C1)CC(N)(C3)C2,GRIN1,6.2676,4.0,0.4478,True,0.9909,"FALL, DEATH, DRUG INEFFECTIVE",0,0.7071
MEMANTINE,CHEMBL807,CC12CC3CC(C)(C1)CC(N)(C3)C2,GRIN1,6.2676,4.0,0.4478,True,0.9909,"FALL, DEATH, DRUG INEFFECTIVE",0,0.7071
MEMANTINE,CHEMBL807,CC12CC3CC(C)(C1)CC(N)(C3)C2,GRIN1,6.2676,4.0,0.4478,True,0.9909,"FALL, DEATH, DRUG INEFFECTIVE",0,0.7071
MEMANTINE,CHEMBL807,CC12CC3CC(C)(C1)CC(N)(C3)C2,GRIN1,6.2676,4.0,0.4478,True,0.9909,"FALL, DEATH, DRUG INEFFECTIVE",0,0.7071
MEMANTINE,CHEMBL807,CC12CC3CC(C)(C1)CC(N)(C3)C2,GRIN1,6.2676,4.0,0.4478,True,0.9909,"FALL, DEATH, DRUG INEFFECTIVE",0,0.7071
MEMANTINE,CHEMBL807,CC12CC3CC(C)(C1)CC(N)(C3)C2,GRIN1,6.2676,4.0,0.4478,True,0.9909,"FALL, DEATH, DRUG INEFFECTIVE",0,0.7071
MEMANTINE,CHEMBL807,CC12CC3CC(C)(C1)CC(N)(C3)C2,GRIN1,6.2676,4.0,0.4478,True,0.9909,"FALL, DEATH, DRUG INEFFECTIVE",0,0.7071
MEMANTINE,CHEMBL807,CC12CC3CC(C)(C1)CC(N)(C3)C2,GRIN1,6.2676,4.0,0.4478,True,0.9909,"FALL, DEATH, DRUG INEFFECTIVE",0,0.7071
MEMANTINE,CHEMBL807,CC12CC3CC(C)(C1)CC(N)(C3)C2,GRIN1,6.2676,4.0,0.4478,True,0.9909,"FALL, DEATH, DRUG INEFFECTIVE",0,0.7071
MEMANTINE,CHEMBL807,CC12CC3CC(C)(C1)CC(N)(C3)C2,GRIN1,6.2676,4.0,0.4478,True,0.9909,"FALL, DEATH, DRUG INEFFECTIVE",0,0.7071
MEMANTINE,CHEMBL807,CC12CC3CC(C)(C1)CC(N)(C3)C2,GRIN1,6.2676,4.0,0.4478,True,0.9909,"FALL, DEATH, DRUG INEFFECTIVE",0,0.7071
FLORQUINITAU,CHEMBL4804173,Nc1c(F)ccc2cnc(-n3ccc4ccncc43)cc12,MAPT,9.3665,3.0,0.6155,True,0.9742,"AMYLOID RELATED IMAGING ABNORMALITY-MICROHAEMORRHAGES AND HAEMOSIDERIN DEPOSITS, AMYLOID RELATED IMAGING ABNORMALITY-OEDEMA/EFFUSION, SUPERFICIAL SIDEROSIS OF CENTRAL NERVOUS SYSTEM",0,0.7046
RETINOL,CHEMBL986,CC1=C(/C=C/C(C)=C/C=C/C(C)=C/CO)C(C)(C)CCC1,SNCA,6.7212,4.0,0.5104,True,0.9741,"FATIGUE, DRUG INEFFECTIVE, NAUSEA",0,0.6923
DIZOCILPINE,CHEMBL284237,C[C@]12N[C@H](Cc3ccccc31)c1ccccc12,GRIN1,8.9208,2.0,0.547,True,0.9663,"COMA, DRUG TOXICITY, NODULE",0,0.6921
DIZOCILPINE,CHEMBL284237,C[C@]12N[C@H](Cc3ccccc31)c1ccccc12,GRIN1,8.9208,2.0,0.547,True,0.9663,"COMA, DRUG TOXICITY, NODULE",0,0.6921
DIZOCILPINE,CHEMBL284237,C[C@]12N[C@H](Cc3ccccc31)c1ccccc12,GRIN1,8.9208,2.0,0.547,True,0.9663,"COMA, DRUG TOXICITY, NODULE",0,0.6921
DIZOCILPINE,CHEMBL284237,C[C@]12N[C@H](Cc3ccccc31)c1ccccc12,GRIN1,8.9208,2.0,0.547,True,0.9663,"COMA, DRUG TOXICITY, NODULE",0,0.6921
DIZOCILPINE,CHEMBL284237,C[C@]12N[C@H](Cc3ccccc31)c1ccccc12,GRIN1,8.9208,2.0,0.547,True,0.9663,"COMA, DRUG TOXICITY, NODULE",0,0.6921
DIZOCILPINE,CHEMBL284237,C[C@]12N[C@H](Cc3ccccc31)c1ccccc12,GRIN1,8.9208,2.0,0.547,True,0.9663,"COMA, DRUG TOXICITY, NODULE",0,0.6921
MEMANTINE HYDROCHLORIDE,CHEMBL1699,CC12CC3CC(C)(C1)CC(N)(C3)C2.Cl,GRIN1,5.6383,4.0,0.4498,True,0.9891,"FALL, ASTHENIA, FATIGUE",0,0.687
PHENCYCLIDINE,CHEMBL275528,c1ccc(C2(N3CCCCC3)CCCCC2)cc1,GRIN1,7.8153,2.0,0.4983,True,0.9931,"DRUG ABUSE, TOXICITY TO VARIOUS AGENTS, COMPLETED SUICIDE",0,0.6838
PHENCYCLIDINE,CHEMBL275528,c1ccc(C2(N3CCCCC3)CCCCC2)cc1,GRIN1,7.8153,2.0,0.4983,True,0.9931,"DRUG ABUSE, TOXICITY TO VARIOUS AGENTS, COMPLETED SUICIDE",0,0.6838
PHENCYCLIDINE,CHEMBL275528,c1ccc(C2(N3CCCCC3)CCCCC2)cc1,GRIN1,7.8153,2.0,0.4983,True,0.9931,"DRUG ABUSE, TOXICITY TO VARIOUS AGENTS, COMPLETED SUICIDE",0,0.6838
PHENCYCLIDINE,CHEMBL275528,c1ccc(C2(N3CCCCC3)CCCCC2)cc1,GRIN1,7.8153,2.0,0.4983,True,0.9931,"DRUG ABUSE, TOXICITY TO VARIOUS AGENTS, COMPLETED SUICIDE",0,0.6838
PHENCYCLIDINE,CHEMBL275528,c1ccc(C2(N3CCCCC3)CCCCC2)cc1,GRIN1,7.8153,2.0,0.4983,True,0.9931,"DRUG ABUSE, TOXICITY TO VARIOUS AGENTS, COMPLETED SUICIDE",0,0.6838
PHENCYCLIDINE,CHEMBL275528,c1ccc(C2(N3CCCCC3)CCCCC2)cc1,GRIN1,7.8153,2.0,0.4983,True,0.9931,"DRUG ABUSE, TOXICITY TO VARIOUS AGENTS, COMPLETED SUICIDE",0,0.6838
KETAMINE,CHEMBL742,CNC1(c2ccccc2Cl)CCCCC1=O,GRIN1,6.3768,4.0,0.5063,True,0.9728,"DRUG INEFFECTIVE, OFF LABEL USE, NAUSEA",3,0.6833
KETAMINE,CHEMBL742,CNC1(c2ccccc2Cl)CCCCC1=O,GRIN1,6.3768,4.0,0.5063,True,0.9728,"DRUG INEFFECTIVE, OFF LABEL USE, NAUSEA",3,0.6833
KETAMINE,CHEMBL742,CNC1(c2ccccc2Cl)CCCCC1=O,GRIN1,6.3768,4.0,0.5063,True,0.9728,"DRUG INEFFECTIVE, OFF LABEL USE, NAUSEA",3,0.6833
KETAMINE,CHEMBL742,CNC1(c2ccccc2Cl)CCCCC1=O,GRIN1,6.3768,4.0,0.5063,True,0.9728,"DRUG INEFFECTIVE, OFF LABEL USE, NAUSEA",3,0.6833
KETAMINE,CHEMBL742,CNC1(c2ccccc2Cl)CCCCC1=O,GRIN1,6.3768,4.0,0.5063,True,0.9728,"DRUG INEFFECTIVE, OFF LABEL USE, NAUSEA",3,0.6833
KETAMINE,CHEMBL742,CNC1(c2ccccc2Cl)CCCCC1=O,GRIN1,6.3768,4.0,0.5063,True,0.9728,"DRUG INEFFECTIVE, OFF LABEL USE, NAUSEA",3,0.6833
KETAMINE,CHEMBL742,CNC1(c2ccccc2Cl)CCCCC1=O,GRIN1,6.3768,4.0,0.5063,True,0.9728,"DRUG INEFFECTIVE, OFF LABEL USE, NAUSEA",3,0.6833
KETAMINE,CHEMBL742,CNC1(c2ccccc2Cl)CCCCC1=O,GRIN1,6.3768,4.0,0.5063,True,0.9728,"DRUG INEFFECTIVE, OFF LABEL USE, NAUSEA",3,0.6833
KETAMINE,CHEMBL742,CNC1(c2ccccc2Cl)CCCCC1=O,GRIN1,6.3768,4.0,0.5063,True,0.9728,"DRUG INEFFECTIVE, OFF LABEL USE, NAUSEA",3,0.6833
KETAMINE,CHEMBL742,CNC1(c2ccccc2Cl)CCCCC1=O,GRIN1,6.3768,4.0,0.5063,True,0.9728,"DRUG INEFFECTIVE, OFF LABEL USE, NAUSEA",3,0.6833
KETAMINE,CHEMBL742,CNC1(c2ccccc2Cl)CCCCC1=O,GRIN1,6.3768,4.0,0.5063,True,0.9728,"DRUG INEFFECTIVE, OFF LABEL USE, NAUSEA",3,0.6833
KETAMINE,CHEMBL742,CNC1(c2ccccc2Cl)CCCCC1=O,GRIN1,6.3768,4.0,0.5063,True,0.9728,"DRUG INEFFECTIVE, OFF LABEL USE, NAUSEA",3,0.6833
KETAMINE,CHEMBL742,CNC1(c2ccccc2Cl)CCCCC1=O,GRIN1,6.3768,4.0,0.5063,True,0.9728,"DRUG INEFFECTIVE, OFF LABEL USE, NAUSEA",3,0.6833
KETAMINE,CHEMBL742,CNC1(c2ccccc2Cl)CCCCC1=O,GRIN1,6.3768,4.0,0.5063,True,0.9728,"DRUG INEFFECTIVE, OFF LABEL USE, NAUSEA",3,0.6833
KETAMINE,CHEMBL742,CNC1(c2ccccc2Cl)CCCCC1=O,GRIN1,6.3768,4.0,0.5063,True,0.9728,"DRUG INEFFECTIVE, OFF LABEL USE, NAUSEA",3,0.6833
KETAMINE,CHEMBL742,CNC1(c2ccccc2Cl)CCCCC1=O,GRIN1,6.3768,4.0,0.5063,True,0.9728,"DRUG INEFFECTIVE, OFF LABEL USE, NAUSEA",3,0.6833
KETAMINE,CHEMBL742,CNC1(c2ccccc2Cl)CCCCC1=O,GRIN1,6.3768,4.0,0.5063,True,0.9728,"DRUG INEFFECTIVE, OFF LABEL USE, NAUSEA",3,0.6833
KETAMINE,CHEMBL742,CNC1(c2ccccc2Cl)CCCCC1=O,GRIN1,6.3768,4.0,0.5063,True,0.9728,"DRUG INEFFECTIVE, OFF LABEL USE, NAUSEA",3,0.6833
SELEGILINE,CHEMBL972,C#CCN(C)[C@H](C)Cc1ccccc1,SNCA,6.5686,4.0,0.4997,True,0.9269,"HALLUCINATION, DRUG INEFFECTIVE, FALL",0,0.6826
SUNITINIB,CHEMBL535,CCN(CC)CCNC(=O)c1c(C)[nH]c(/C=C2\C(=O)Nc3ccc(F)cc32)c1C,LRRK2,7.8239,4.0,0.6112,True,0.9249,"DISEASE PROGRESSION, DIARRHOEA, FATIGUE",0,0.6752
SUNITINIB,CHEMBL535,CCN(CC)CCNC(=O)c1c(C)[nH]c(/C=C2\C(=O)Nc3ccc(F)cc32)c1C,LRRK2,7.8239,4.0,0.6112,True,0.9249,"DISEASE PROGRESSION, DIARRHOEA, FATIGUE",0,0.6752
SUNITINIB,CHEMBL535,CCN(CC)CCNC(=O)c1c(C)[nH]c(/C=C2\C(=O)Nc3ccc(F)cc32)c1C,LRRK2,7.8239,4.0,0.6112,True,0.9249,"DISEASE PROGRESSION, DIARRHOEA, FATIGUE",0,0.6752
SUNITINIB,CHEMBL535,CCN(CC)CCNC(=O)c1c(C)[nH]c(/C=C2\C(=O)Nc3ccc(F)cc32)c1C,LRRK2,7.8239,4.0,0.6112,True,0.9249,"DISEASE PROGRESSION, DIARRHOEA, FATIGUE",0,0.6752
SUNITINIB,CHEMBL535,CCN(CC)CCNC(=O)c1c(C)[nH]c(/C=C2\C(=O)Nc3ccc(F)cc32)c1C,LRRK2,7.8239,4.0,0.6112,True,0.9249,"DISEASE PROGRESSION, DIARRHOEA, FATIGUE",0,0.6752
SUNITINIB,CHEMBL535,CCN(CC)CCNC(=O)c1c(C)[nH]c(/C=C2\C(=O)Nc3ccc(F)cc32)c1C,LRRK2,7.8239,4.0,0.6112,True,0.9249,"DISEASE PROGRESSION, DIARRHOEA, FATIGUE",0,0.6752
SUNITINIB,CHEMBL535,CCN(CC)CCNC(=O)c1c(C)[nH]c(/C=C2\C(=O)Nc3ccc(F)cc32)c1C,LRRK2,7.8239,4.0,0.6112,True,0.9249,"DISEASE PROGRESSION, DIARRHOEA, FATIGUE",0,0.6752
SUNITINIB,CHEMBL535,CCN(CC)CCNC(=O)c1c(C)[nH]c(/C=C2\C(=O)Nc3ccc(F)cc32)c1C,LRRK2,7.8239,4.0,0.6112,True,0.9249,"DISEASE PROGRESSION, DIARRHOEA, FATIGUE",0,0.6752
ETOXADROL,CHEMBL305904,CC[C@]1(c2ccccc2)OC[C@H]([C@@H]2CCCCN2)O1,GRIN1,7.6576,2.0,0.5044,True,0.9767,,0,0.6733
FLORBETAPIR,CHEMBL1908919,CNc1ccc(/C=C/c2ccc(OCCOCCOCCF)nc2)cc1,SNCA,7.1158,4.0,0.5916,True,0.9812,"SEIZURE, AMYLOID RELATED IMAGING ABNORMALITY-MICROHAEMORRHAGES AND HAEMOSIDERIN DEPOSITS, AMYLOID RELATED IMAGING ABNORMALITY-OEDEMA/EFFUSION",1,0.6731
FLORBETAPIR,CHEMBL1908919,CNc1ccc(/C=C/c2ccc(OCCOCCOCCF)nc2)cc1,MAPT,7.1158,4.0,0.5916,True,0.9812,"SEIZURE, AMYLOID RELATED IMAGING ABNORMALITY-MICROHAEMORRHAGES AND HAEMOSIDERIN DEPOSITS, AMYLOID RELATED IMAGING ABNORMALITY-OEDEMA/EFFUSION",1,0.6731
DEXTROMETHORPHAN,CHEMBL52440,COc1ccc2c(c1)[C@]13CCCC[C@@H]1[C@H](C2)N(C)CC3,GRIN1,5.7747,4.0,0.5055,True,0.9871,"DEATH, TOXICITY TO VARIOUS AGENTS, DRUG ABUSE",0,0.6685
DEXTROMETHORPHAN,CHEMBL52440,COc1ccc2c(c1)[C@]13CCCC[C@@H]1[C@H](C2)N(C)CC3,GRIN1,5.7747,4.0,0.5055,True,0.9871,"DEATH, TOXICITY TO VARIOUS AGENTS, DRUG ABUSE",0,0.6685
DEXTROMETHORPHAN,CHEMBL52440,COc1ccc2c(c1)[C@]13CCCC[C@@H]1[C@H](C2)N(C)CC3,GRIN1,5.7747,4.0,0.5055,True,0.9871,"DEATH, TOXICITY TO VARIOUS AGENTS, DRUG ABUSE",0,0.6685
DEXTROMETHORPHAN,CHEMBL52440,COc1ccc2c(c1)[C@]13CCCC[C@@H]1[C@H](C2)N(C)CC3,GRIN1,5.7747,4.0,0.5055,True,0.9871,"DEATH, TOXICITY TO VARIOUS AGENTS, DRUG ABUSE",0,0.6685
DEXTROMETHORPHAN,CHEMBL52440,COc1ccc2c(c1)[C@]13CCCC[C@@H]1[C@H](C2)N(C)CC3,GRIN1,5.7747,4.0,0.5055,True,0.9871,"DEATH, TOXICITY TO VARIOUS AGENTS, DRUG ABUSE",0,0.6685
DEXTROMETHORPHAN,CHEMBL52440,COc1ccc2c(c1)[C@]13CCCC[C@@H]1[C@H](C2)N(C)CC3,GRIN1,5.7747,4.0,0.5055,True,0.9871,"DEATH, TOXICITY TO VARIOUS AGENTS, DRUG ABUSE",0,0.6685
PROCYCLIDINE,CHEMBL86715,OC(CCN1CCCC1)(c1ccccc1)C1CCCCC1,GRIN1,5.7696,4.0,0.5052,True,0.9821,"VOMITING, SCHIZOPHRENIA, PNEUMONIA",0,0.6674
AMANTADINE,CHEMBL660,NC12CC3CC(CC(C3)C1)C2,GRIN1,4.9788,4.0,0.449,True,0.985,"FALL, DRUG INEFFECTIVE, FATIGUE",2,0.6668
AMANTADINE,CHEMBL660,NC12CC3CC(CC(C3)C1)C2,GRIN1,4.9788,4.0,0.449,True,0.985,"FALL, DRUG INEFFECTIVE, FATIGUE",2,0.6668
DEXOXADROL,CHEMBL1165411,c1ccc(C2(c3ccccc3)OC[C@H]([C@@H]3CCCCN3)O2)cc1,GRIN1,8.0132,2.0,0.5646,True,0.9743,,0,0.6594
DEXOXADROL,CHEMBL1165411,c1ccc(C2(c3ccccc3)OC[C@H]([C@@H]3CCCCN3)O2)cc1,GRIN1,8.0132,2.0,0.5646,True,0.9743,,0,0.6594
LEVORPHANOL,CHEMBL592,CN1CC[C@]23CCCC[C@H]2[C@H]1Cc1ccc(O)cc13,GRIN1,5.6021,4.0,0.5054,True,0.9433,"PRODUCT DOSE OMISSION ISSUE, PAIN, DRUG INEFFECTIVE",0,0.6546
LEVORPHANOL,CHEMBL592,CN1CC[C@]23CCCC[C@H]2[C@H]1Cc1ccc(O)cc13,GRIN1,5.6021,4.0,0.5054,True,0.9433,"PRODUCT DOSE OMISSION ISSUE, PAIN, DRUG INEFFECTIVE",0,0.6546
ELIPRODIL,CHEMBL28564,OC(CN1CCC(Cc2ccc(F)cc2)CC1)c1ccc(Cl)cc1,GRIN1,7.8861,2.0,0.5677,True,0.9623,,0,0.652
CHLORPROMAZINE,CHEMBL71,CN(C)CCCN1c2ccccc2Sc2ccc(Cl)cc21,GRIN1,5.9586,4.0,0.5628,True,0.9754,"DRUG INEFFECTIVE, TOXICITY TO VARIOUS AGENTS, OFF LABEL USE",0,0.6487
CHLORPROMAZINE,CHEMBL71,CN(C)CCCN1c2ccccc2Sc2ccc(Cl)cc21,GRIN1,5.9586,4.0,0.5628,True,0.9754,"DRUG INEFFECTIVE, TOXICITY TO VARIOUS AGENTS, OFF LABEL USE",0,0.6487
LICOSTINEL,CHEMBL289832,O=c1[nH]c2cc(Cl)c(Cl)c([N+](=O)[O-])c2[nH]c1=O,GRIN1,8.2291,2.0,0.5479,True,0.8512,,0,0.648
LICOSTINEL,CHEMBL289832,O=c1[nH]c2cc(Cl)c(Cl)c([N+](=O)[O-])c2[nH]c1=O,GRIN1,8.2291,2.0,0.5479,True,0.8512,,0,0.648
TRETINOIN,CHEMBL38,CC1=C(/C=C/C(C)=C/C=C/C(C)=C/C(=O)O)C(C)(C)CCC1,SNCA,5.5229,4.0,0.5251,True,0.9441,"OFF LABEL USE, DRUG INEFFECTIVE, PAIN",0,0.6445
RACEMETHORPHAN,CHEMBL22207,COc1ccc2c(c1)C13CCCCC1C(C2)N(C)CC3,GRIN1,6.6198,2.0,0.5055,True,0.9871,,0,0.6438
RACEMETHORPHAN,CHEMBL22207,COc1ccc2c(c1)C13CCCCC1C(C2)N(C)CC3,GRIN1,6.6198,2.0,0.5055,True,0.9871,,0,0.6438
TACRINE,CHEMBL95,Nc1c2c(nc3ccccc13)CCCC2,GRIN1,5.3098,4.0,0.5291,True,0.9803,"DRUG INEFFECTIVE, NO ADVERSE EVENT, OFF LABEL USE",0,0.6437
TACRINE,CHEMBL95,Nc1c2c(nc3ccccc13)CCCC2,GRIN1,5.3098,4.0,0.5291,True,0.9803,"DRUG INEFFECTIVE, NO ADVERSE EVENT, OFF LABEL USE",0,0.6437
TACRINE,CHEMBL95,Nc1c2c(nc3ccccc13)CCCC2,GRIN1,5.3098,4.0,0.5291,True,0.9803,"DRUG INEFFECTIVE, NO ADVERSE EVENT, OFF LABEL USE",0,0.6437
TACRINE,CHEMBL95,Nc1c2c(nc3ccccc13)CCCC2,GRIN1,5.3098,4.0,0.5291,True,0.9803,"DRUG INEFFECTIVE, NO ADVERSE EVENT, OFF LABEL USE",0,0.6437
TACRINE,CHEMBL95,Nc1c2c(nc3ccccc13)CCCC2,GRIN1,5.3098,4.0,0.5291,True,0.9803,"DRUG INEFFECTIVE, NO ADVERSE EVENT, OFF LABEL USE",0,0.6437
TACRINE,CHEMBL95,Nc1c2c(nc3ccccc13)CCCC2,GRIN1,5.3098,4.0,0.5291,True,0.9803,"DRUG INEFFECTIVE, NO ADVERSE EVENT, OFF LABEL USE",0,0.6437
DEXTRORPHAN,CHEMBL1254766,CN1CC[C@@]23CCCC[C@@H]2[C@@H]1Cc1ccc(O)cc13,GRIN1,6.6576,2.0,0.5054,True,0.9433,"TOXICITY TO VARIOUS AGENTS, DRUG INTERACTION, ORTHOSTATIC HYPOTENSION",0,0.6362
DEXTRORPHAN,CHEMBL1254766,CN1CC[C@@]23CCCC[C@@H]2[C@@H]1Cc1ccc(O)cc13,GRIN1,6.6576,2.0,0.5054,True,0.9433,"TOXICITY TO VARIOUS AGENTS, DRUG INTERACTION, ORTHOSTATIC HYPOTENSION",0,0.6362
DEXTRORPHAN,CHEMBL1254766,CN1CC[C@@]23CCCC[C@@H]2[C@@H]1Cc1ccc(O)cc13,GRIN1,6.6576,2.0,0.5054,True,0.9433,"TOXICITY TO VARIOUS AGENTS, DRUG INTERACTION, ORTHOSTATIC HYPOTENSION",0,0.6362
PONATINIB,CHEMBL1171837,Cc1ccc(C(=O)Nc2ccc(CN3CCN(C)CC3)c(C(F)(F)F)c2)cc1C#Cc1cnc2cccnn12,LRRK2,7.5086,4.0,0.7066,True,0.9649,"DEATH, OFF LABEL USE, PRODUCT DOSE OMISSION ISSUE",0,0.6356
PONATINIB,CHEMBL1171837,Cc1ccc(C(=O)Nc2ccc(CN3CCN(C)CC3)c(C(F)(F)F)c2)cc1C#Cc1cnc2cccnn12,LRRK2,7.5086,4.0,0.7066,True,0.9649,"DEATH, OFF LABEL USE, PRODUCT DOSE OMISSION ISSUE",0,0.6356
PONATINIB,CHEMBL1171837,Cc1ccc(C(=O)Nc2ccc(CN3CCN(C)CC3)c(C(F)(F)F)c2)cc1C#Cc1cnc2cccnn12,LRRK2,7.5086,4.0,0.7066,True,0.9649,"DEATH, OFF LABEL USE, PRODUCT DOSE OMISSION ISSUE",0,0.6356
DNL-201,CHEMBL3122113,CNc1nc(Nc2cn(C(C)(C)C#N)nc2C)ncc1C(F)(F)F,LRRK2,8.5229,1.0,0.5681,True,0.9103,,0,0.6355
DNL-201,CHEMBL3122113,CNc1nc(Nc2cn(C(C)(C)C#N)nc2C)ncc1C(F)(F)F,LRRK2,8.5229,1.0,0.5681,True,0.9103,,0,0.6355
DNL-201,CHEMBL3122113,CNc1nc(Nc2cn(C(C)(C)C#N)nc2C)ncc1C(F)(F)F,LRRK2,8.5229,1.0,0.5681,True,0.9103,,0,0.6355
DNL-201,CHEMBL3122113,CNc1nc(Nc2cn(C(C)(C)C#N)nc2C)ncc1C(F)(F)F,LRRK2,8.5229,1.0,0.5681,True,0.9103,,0,0.6355
DNL-201,CHEMBL3122113,CNc1nc(Nc2cn(C(C)(C)C#N)nc2C)ncc1C(F)(F)F,LRRK2,8.5229,1.0,0.5681,True,0.9103,,0,0.6355
DNL-201,CHEMBL3122113,CNc1nc(Nc2cn(C(C)(C)C#N)nc2C)ncc1C(F)(F)F,LRRK2,8.5229,1.0,0.5681,True,0.9103,,0,0.6355
DNL-201,CHEMBL3122113,CNc1nc(Nc2cn(C(C)(C)C#N)nc2C)ncc1C(F)(F)F,LRRK2,8.5229,1.0,0.5681,True,0.9103,,0,0.6355
DNL-201,CHEMBL3122113,CNc1nc(Nc2cn(C(C)(C)C#N)nc2C)ncc1C(F)(F)F,LRRK2,8.5229,1.0,0.5681,True,0.9103,,0,0.6355
DNL-201,CHEMBL3122113,CNc1nc(Nc2cn(C(C)(C)C#N)nc2C)ncc1C(F)(F)F,LRRK2,8.5229,1.0,0.5681,True,0.9103,,0,0.6355
DNL-201,CHEMBL3122113,CNc1nc(Nc2cn(C(C)(C)C#N)nc2C)ncc1C(F)(F)F,LRRK2,8.5229,1.0,0.5681,True,0.9103,,0,0.6355
DNL-201,CHEMBL3122113,CNc1nc(Nc2cn(C(C)(C)C#N)nc2C)ncc1C(F)(F)F,LRRK2,8.5229,1.0,0.5681,True,0.9103,,0,0.6355
DNL-201,CHEMBL3122113,CNc1nc(Nc2cn(C(C)(C)C#N)nc2C)ncc1C(F)(F)F,LRRK2,8.5229,1.0,0.5681,True,0.9103,,0,0.6355
DNL-201,CHEMBL3122113,CNc1nc(Nc2cn(C(C)(C)C#N)nc2C)ncc1C(F)(F)F,LRRK2,8.5229,1.0,0.5681,True,0.9103,,0,0.6355
DNL-201,CHEMBL3122113,CNc1nc(Nc2cn(C(C)(C)C#N)nc2C)ncc1C(F)(F)F,LRRK2,8.5229,1.0,0.5681,True,0.9103,,0,0.6355
DNL-201,CHEMBL3122113,CNc1nc(Nc2cn(C(C)(C)C#N)nc2C)ncc1C(F)(F)F,LRRK2,8.5229,1.0,0.5681,True,0.9103,,0,0.6355
DNL-201,CHEMBL3122113,CNc1nc(Nc2cn(C(C)(C)C#N)nc2C)ncc1C(F)(F)F,LRRK2,8.5229,1.0,0.5681,True,0.9103,,0,0.6355
DNL-201,CHEMBL3122113,CNc1nc(Nc2cn(C(C)(C)C#N)nc2C)ncc1C(F)(F)F,LRRK2,8.5229,1.0,0.5681,True,0.9103,,0,0.6355
DNL-201,CHEMBL3122113,CNc1nc(Nc2cn(C(C)(C)C#N)nc2C)ncc1C(F)(F)F,LRRK2,8.5229,1.0,0.5681,True,0.9103,,0,0.6355
DNL-201,CHEMBL3122113,CNc1nc(Nc2cn(C(C)(C)C#N)nc2C)ncc1C(F)(F)F,LRRK2,8.5229,1.0,0.5681,True,0.9103,,0,0.6355
DNL-201,CHEMBL3122113,CNc1nc(Nc2cn(C(C)(C)C#N)nc2C)ncc1C(F)(F)F,LRRK2,8.5229,1.0,0.5681,True,0.9103,,0,0.6355
DNL-201,CHEMBL3122113,CNc1nc(Nc2cn(C(C)(C)C#N)nc2C)ncc1C(F)(F)F,LRRK2,8.5229,1.0,0.5681,True,0.9103,,0,0.6355
DNL-201,CHEMBL3122113,CNc1nc(Nc2cn(C(C)(C)C#N)nc2C)ncc1C(F)(F)F,LRRK2,8.5229,1.0,0.5681,True,0.9103,,0,0.6355
DNL-201,CHEMBL3122113,CNc1nc(Nc2cn(C(C)(C)C#N)nc2C)ncc1C(F)(F)F,LRRK2,8.5229,1.0,0.5681,True,0.9103,,0,0.6355
DNL-201,CHEMBL3122113,CNc1nc(Nc2cn(C(C)(C)C#N)nc2C)ncc1C(F)(F)F,LRRK2,8.5229,1.0,0.5681,True,0.9103,,0,0.6355
DNL-201,CHEMBL3122113,CNc1nc(Nc2cn(C(C)(C)C#N)nc2C)ncc1C(F)(F)F,LRRK2,8.5229,1.0,0.5681,True,0.9103,,0,0.6355
DNL-201,CHEMBL3122113,CNc1nc(Nc2cn(C(C)(C)C#N)nc2C)ncc1C(F)(F)F,LRRK2,8.5229,1.0,0.5681,True,0.9103,,0,0.6355
DNL-201,CHEMBL3122113,CNc1nc(Nc2cn(C(C)(C)C#N)nc2C)ncc1C(F)(F)F,LRRK2,8.5229,1.0,0.5681,True,0.9103,,0,0.6355
METHYLENE BLUE CATION,CHEMBL191083,CN(C)c1ccc2nc3ccc(=[N+](C)C)cc-3sc2c1,MAPT,5.6576,4.0,0.5735,True,0.9626,,0,0.6328
PERGOLIDE,CHEMBL531,CCCN1C[C@H](CSC)C[C@@H]2c3cccc4[nH]cc(c34)C[C@H]21,SNCA,5.1024,4.0,0.5326,True,0.9626,"MITRAL VALVE INCOMPETENCE, AORTIC VALVE INCOMPETENCE, CARDIAC VALVE DISEASE",0,0.6325
ORPHENADRINE,CHEMBL900,Cc1ccccc1C(OCCN(C)C)c1ccccc1,GRIN1,5.2218,4.0,0.5551,True,0.9782,"SOMNOLENCE, PAIN, FATIGUE",0,0.6303
MENADIONE,CHEMBL590,CC1=CC(=O)c2ccccc2C1=O,SNCA,4.8239,4.0,0.5212,True,0.9699,"PNEUMONIA, INFECTION, RASH",0,0.6302
TESTOSTERONE,CHEMBL386630,C[C@]12CC[C@H]3[C@@H](CCC4=CC(=O)CC[C@@]43C)[C@@H]1CC[C@@H]2O,SNCA,4.0141,4.0,0.4733,True,0.9729,"DRUG INEFFECTIVE, FATIGUE, OFF LABEL USE",0,0.6257
METHYLENE BLUE ANHYDROUS,CHEMBL405110,CN(C)c1ccc2nc3ccc(N(C)C)cc3[s+]c2c1.[Cl-],MAPT,5.4685,4.0,0.5772,True,0.9522,"ANAPHYLACTIC SHOCK, HAEMOLYTIC ANAEMIA, LIVER FUNCTION TEST INCREASED",0,0.6236
METHYLENE BLUE ANHYDROUS,CHEMBL405110,CN(C)c1ccc2nc3ccc(N(C)C)cc3[s+]c2c1.[Cl-],MAPT,5.4685,4.0,0.5772,True,0.9522,"ANAPHYLACTIC SHOCK, HAEMOLYTIC ANAEMIA, LIVER FUNCTION TEST INCREASED",0,0.6236
METHYLENE BLUE ANHYDROUS,CHEMBL405110,CN(C)c1ccc2nc3ccc(N(C)C)cc3[s+]c2c1.[Cl-],MAPT,5.4685,4.0,0.5772,True,0.9522,"ANAPHYLACTIC SHOCK, HAEMOLYTIC ANAEMIA, LIVER FUNCTION TEST INCREASED",0,0.6236
METHYLENE BLUE ANHYDROUS,CHEMBL405110,CN(C)c1ccc2nc3ccc(N(C)C)cc3[s+]c2c1.[Cl-],MAPT,5.4685,4.0,0.5772,True,0.9522,"ANAPHYLACTIC SHOCK, HAEMOLYTIC ANAEMIA, LIVER FUNCTION TEST INCREASED",0,0.6236
TOLONIUM CHLORIDE,CHEMBL1790006,Cc1cc2nc3ccc(N(C)C)cc3[s+]c2cc1N.[Cl-],MAPT,7.1612,2.0,0.5746,True,0.9399,,0,0.623
TOLONIUM CHLORIDE,CHEMBL1790006,Cc1cc2nc3ccc(N(C)C)cc3[s+]c2cc1N.[Cl-],MAPT,7.1612,2.0,0.5746,True,0.9399,,0,0.623
PHYTONADIONE,CHEMBL1550,CC1=C(C/C=C(\C)CCC[C@H](C)CCC[C@H](C)CCCC(C)C)C(=O)c2ccccc2C1=O,SNCA,4.8239,4.0,0.5709,True,0.9927,"SEPSIS, NAUSEA, OFF LABEL USE",0,0.6149
DIMEMORFAN,CHEMBL2106325,Cc1ccc2c(c1)[C@]13CCCC[C@@H]1[C@H](C2)N(C)CC3,GRIN1,5.5287,2.0,0.5004,True,0.9887,"INTERSTITIAL LUNG DISEASE, PNEUMONIA, NAUSEA",0,0.6134
LANICEMINE,CHEMBL467084,N[C@@H](Cc1ccccn1)c1ccccc1,GRIN1,6.2518,2.0,0.544,True,0.9641,,0,0.6128
PHENOTHIAZINE,CHEMBL828,c1ccc2c(c1)Nc1ccccc1S2,SNCA,6.301,2.0,0.5481,True,0.9488,"COMPLETED SUICIDE, TOXICITY TO VARIOUS AGENTS, DEATH",0,0.6095
PHENOTHIAZINE,CHEMBL828,c1ccc2c(c1)Nc1ccccc1S2,SNCA,6.301,2.0,0.5481,True,0.9488,"COMPLETED SUICIDE, TOXICITY TO VARIOUS AGENTS, DEATH",0,0.6095
PERZINFOTEL,CHEMBL452461,O=c1c2c(c1=O)N(CCP(=O)(O)O)CCCN2,GRIN1,7.5229,2.0,0.5012,True,0.6708,,0,0.6094
PERZINFOTEL,CHEMBL452461,O=c1c2c(c1=O)N(CCP(=O)(O)O)CCCN2,GRIN1,7.5229,2.0,0.5012,True,0.6708,,0,0.6094
ESTRONE,CHEMBL1405,C[C@]12CC[C@@H]3c4ccc(O)cc4CC[C@H]3[C@@H]1CCC2=O,SNCA,4.0311,4.0,0.5129,True,0.9437,"FATIGUE, CHOLECYSTITIS, NAUSEA",0,0.6045
ONFASPRODIL,CHEMBL5095074,Oc1ccc([C@@H](O)CN2C[C@H]3C[C@H](Oc4ccccc4F)C[C@H]3C2)nc1,GRIN1,8.0809,2.0,0.5822,True,0.699,,0,0.5993
PENTAMIDINE,CHEMBL55,N=C(N)c1ccc(OCCCCCOc2ccc(C(=N)N)cc2)cc1,GRIN1,6.1427,4.0,0.6029,True,0.7775,"PYREXIA, OFF LABEL USE, FEBRILE NEUTROPENIA",0,0.5986
ADENINE,CHEMBL226345,Nc1[nH]cnc2ncnc1-2,LRRK2,4.8011,3.0,0.5189,True,0.9061,"PYREXIA, NAUSEA, NEUTROPHIL COUNT DECREASED",1,0.5927
ADENINE,CHEMBL226345,Nc1[nH]cnc2ncnc1-2,LRRK2,4.8011,3.0,0.5189,True,0.9061,"PYREXIA, NAUSEA, NEUTROPHIL COUNT DECREASED",1,0.5927
ESTRADIOL,CHEMBL135,C[C@]12CC[C@@H]3c4ccc(O)cc4CC[C@H]3[C@@H]1CC[C@@H]2O,SNCA,4.2218,4.0,0.5065,True,0.8208,"PRODUCT ADHESION ISSUE, DRUG INEFFECTIVE, PAIN",0,0.5882
RADIPRODIL,CHEMBL182066,O=C(Nc1ccc2nc(O)oc2c1)C(=O)N1CCC(Cc2ccc(F)cc2)CC1,GRIN1,8.2218,2.0,0.6343,True,0.7108,"DRUG INEFFECTIVE, SUICIDAL IDEATION",0,0.5851
RADIPRODIL,CHEMBL182066,O=C(Nc1ccc2nc(O)oc2c1)C(=O)N1CCC(Cc2ccc(F)cc2)CC1,GRIN1,8.2218,2.0,0.6343,True,0.7108,"DRUG INEFFECTIVE, SUICIDAL IDEATION",0,0.5851
RADIPRODIL,CHEMBL182066,O=C(Nc1ccc2nc(O)oc2c1)C(=O)N1CCC(Cc2ccc(F)cc2)CC1,GRIN1,8.2218,2.0,0.6343,True,0.7108,"DRUG INEFFECTIVE, SUICIDAL IDEATION",0,0.5851
LATREPIRDINE,CHEMBL589390,Cc1ccc2c(c1)c1c(n2CCc2ccc(C)nc2)CCN(C)C1,GRIN1,4.857,3.0,0.5839,True,0.9852,,0,0.5842
FASUDIL,CHEMBL38380,O=S(=O)(c1cccc2cnccc12)N1CCCNCC1,LRRK2,4.5229,3.0,0.5444,True,0.944,"CEREBRAL INFARCTION, HEPATIC FUNCTION ABNORMAL, BLOOD PRESSURE DECREASED",1,0.5817
FASUDIL,CHEMBL38380,O=S(=O)(c1cccc2cnccc12)N1CCCNCC1,LRRK2,4.5229,3.0,0.5444,True,0.944,"CEREBRAL INFARCTION, HEPATIC FUNCTION ABNORMAL, BLOOD PRESSURE DECREASED",1,0.5817
OLVEREMBATINIB,CHEMBL2316582,Cc1ccc(C(=O)Nc2ccc(CN3CCN(C)CC3)c(C(F)(F)F)c2)cc1C#Cc1cnc2[nH]ncc2c1,LRRK2,7.0969,3.0,0.7065,True,0.8728,"ACUTE LYMPHOCYTIC LEUKAEMIA RECURRENT, MYELOSUPPRESSION, HEPATIC FUNCTION ABNORMAL",0,0.5799
OLVEREMBATINIB,CHEMBL2316582,Cc1ccc(C(=O)Nc2ccc(CN3CCN(C)CC3)c(C(F)(F)F)c2)cc1C#Cc1cnc2[nH]ncc2c1,LRRK2,7.0969,3.0,0.7065,True,0.8728,"ACUTE LYMPHOCYTIC LEUKAEMIA RECURRENT, MYELOSUPPRESSION, HEPATIC FUNCTION ABNORMAL",0,0.5799
MINZASOLMIN,CHEMBL5095072,CCCC[C@H](Cc1c[nH]c2ccccc12)NC(=O)c1cnc(N2CCN(C)CC2)s1,SNCA,6.1549,2.0,0.6134,True,0.9408,,0,0.5775
MENATETRENONE,CHEMBL259223,CC(C)=CCC/C(C)=C/CC/C(C)=C/CC/C(C)=C/CC1=C(C)C(=O)c2ccccc2C1=O,SNCA,4.8239,3.0,0.6062,True,0.9917,"PYREXIA, OFF LABEL USE, HEADACHE",0,0.5756
ESMETHADONE,CHEMBL350719,CCC(=O)C(C[C@H](C)N(C)C)(c1ccccc1)c1ccccc1,GRIN1,4.4,3.0,0.5687,True,0.9803,"DIZZINESS, PANIC ATTACK, SOMNOLENCE",0,0.5756
ESMETHADONE,CHEMBL350719,CCC(=O)C(C[C@H](C)N(C)C)(c1ccccc1)c1ccccc1,GRIN1,4.4,3.0,0.5687,True,0.9803,"DIZZINESS, PANIC ATTACK, SOMNOLENCE",0,0.5756
ESMETHADONE,CHEMBL350719,CCC(=O)C(C[C@H](C)N(C)C)(c1ccccc1)c1ccccc1,GRIN1,4.4,3.0,0.5687,True,0.9803,"DIZZINESS, PANIC ATTACK, SOMNOLENCE",0,0.5756
ESMETHADONE,CHEMBL350719,CCC(=O)C(C[C@H](C)N(C)C)(c1ccccc1)c1ccccc1,GRIN1,4.4,3.0,0.5687,True,0.9803,"DIZZINESS, PANIC ATTACK, SOMNOLENCE",0,0.5756
BUDIPINE,CHEMBL334491,CC(C)(C)N1CCC(c2ccccc2)(c2ccccc2)CC1,GRIN1,4.9318,2.0,0.5563,True,0.9912,"DEPRESSIVE SYMPTOM, DIZZINESS, DRUG INEFFECTIVE",0,0.5737
IFENPRODIL,CHEMBL305187,CC(C(O)c1ccc(O)cc1)N1CCC(Cc2ccccc2)CC1,GRIN1,6.9586,2.0,0.5703,True,0.708,"INAPPROPRIATE ANTIDIURETIC HORMONE SECRETION, DECREASED APPETITE, CEREBRAL INFARCTION",0,0.5722
IFENPRODIL,CHEMBL305187,CC(C(O)c1ccc(O)cc1)N1CCC(Cc2ccccc2)CC1,GRIN1,6.9586,2.0,0.5703,True,0.708,"INAPPROPRIATE ANTIDIURETIC HORMONE SECRETION, DECREASED APPETITE, CEREBRAL INFARCTION",0,0.5722
IFENPRODIL,CHEMBL305187,CC(C(O)c1ccc(O)cc1)N1CCC(Cc2ccccc2)CC1,GRIN1,6.9586,2.0,0.5703,True,0.708,"INAPPROPRIATE ANTIDIURETIC HORMONE SECRETION, DECREASED APPETITE, CEREBRAL INFARCTION",0,0.5722
IFENPRODIL,CHEMBL305187,CC(C(O)c1ccc(O)cc1)N1CCC(Cc2ccccc2)CC1,GRIN1,6.9586,2.0,0.5703,True,0.708,"INAPPROPRIATE ANTIDIURETIC HORMONE SECRETION, DECREASED APPETITE, CEREBRAL INFARCTION",0,0.5722
IFENPRODIL,CHEMBL305187,CC(C(O)c1ccc(O)cc1)N1CCC(Cc2ccccc2)CC1,GRIN1,6.9586,2.0,0.5703,True,0.708,"INAPPROPRIATE ANTIDIURETIC HORMONE SECRETION, DECREASED APPETITE, CEREBRAL INFARCTION",0,0.5722
GLUTAMIC ACID,CHEMBL575060,N[C@@H](CCC(=O)O)C(=O)O,GRIN1,7.1549,3.0,0.4737,True,0.3568,"OFF LABEL USE, CONDITION AGGRAVATED, DRUG HYPERSENSITIVITY",3,0.5715
GLUTAMIC ACID,CHEMBL575060,N[C@@H](CCC(=O)O)C(=O)O,GRIN1,7.1549,3.0,0.4737,True,0.3568,"OFF LABEL USE, CONDITION AGGRAVATED, DRUG HYPERSENSITIVITY",3,0.5715
OPICAPONE,CHEMBL1089318,Cc1c(Cl)c(C)[n+]([O-])c(Cl)c1-c1noc(-c2cc(O)c(O)c([N+](=O)[O-])c2)n1,COMT,9.0,4.0,0.6302,True,0.222,"FALL, DYSKINESIA, HALLUCINATION",1,0.5623
OPICAPONE,CHEMBL1089318,Cc1c(Cl)c(C)[n+]([O-])c(Cl)c1-c1noc(-c2cc(O)c(O)c([N+](=O)[O-])c2)n1,COMT,9.0,4.0,0.6302,True,0.222,"FALL, DYSKINESIA, HALLUCINATION",1,0.5623
LEVOMETHADONE,CHEMBL159659,CCC(=O)C(C[C@@H](C)N(C)C)(c1ccccc1)c1ccccc1,GRIN1,4.7,2.0,0.5687,True,0.9803,"DRUG ABUSE, AGGRESSION, SUBSTANCE ABUSE",0,0.5596
LEVOMETHADONE,CHEMBL159659,CCC(=O)C(C[C@@H](C)N(C)C)(c1ccccc1)c1ccccc1,GRIN1,4.7,2.0,0.5687,True,0.9803,"DRUG ABUSE, AGGRESSION, SUBSTANCE ABUSE",0,0.5596
LEVOMETHADONE,CHEMBL159659,CCC(=O)C(C[C@@H](C)N(C)C)(c1ccccc1)c1ccccc1,GRIN1,4.7,2.0,0.5687,True,0.9803,"DRUG ABUSE, AGGRESSION, SUBSTANCE ABUSE",0,0.5596
LEVOMETHADONE,CHEMBL159659,CCC(=O)C(C[C@@H](C)N(C)C)(c1ccccc1)c1ccccc1,GRIN1,4.7,2.0,0.5687,True,0.9803,"DRUG ABUSE, AGGRESSION, SUBSTANCE ABUSE",0,0.5596
DOPAMINE,CHEMBL59,NCCc1ccc(O)c(O)c1,SNCA,5.1487,4.0,0.503,True,0.5314,"DRUG INEFFECTIVE, RENAL FAILURE, HYPOTENSION",10,0.5596
DOPAMINE,CHEMBL59,NCCc1ccc(O)c(O)c1,SNCA,5.1487,4.0,0.503,True,0.5314,"DRUG INEFFECTIVE, RENAL FAILURE, HYPOTENSION",10,0.5596
BOS-172722,CHEMBL3924132,CCOc1cc(-c2nncn2C)ccc1Nc1ncc2cc(C)nc(NCC(C)(C)C)c2n1,LRRK2,7.3188,1.0,0.6702,True,0.9149,,0,0.5595
LUCANTHONE,CHEMBL279014,CCN(CC)CCNc1ccc(C)c2sc3ccccc3c(=O)c12,MAPT,4.9626,2.0,0.5841,True,0.9624,,0,0.5577
TRAXOPRODIL,CHEMBL17350,C[C@@H]([C@@H](O)c1ccc(O)cc1)N1CCC(O)(c2ccccc2)CC1,GRIN1,7.9586,2.0,0.5719,True,0.4687,,0,0.5537
TRAXOPRODIL,CHEMBL17350,C[C@@H]([C@@H](O)c1ccc(O)cc1)N1CCC(O)(c2ccccc2)CC1,GRIN1,7.9586,2.0,0.5719,True,0.4687,,0,0.5537
TRAXOPRODIL,CHEMBL17350,C[C@@H]([C@@H](O)c1ccc(O)cc1)N1CCC(O)(c2ccccc2)CC1,GRIN1,7.9586,2.0,0.5719,True,0.4687,,0,0.5537
TRAXOPRODIL,CHEMBL17350,C[C@@H]([C@@H](O)c1ccc(O)cc1)N1CCC(O)(c2ccccc2)CC1,GRIN1,7.9586,2.0,0.5719,True,0.4687,,0,0.5537
ABIVERTINIB,CHEMBL4297865,C=CC(=O)Nc1cccc(Oc2nc(Nc3ccc(N4CCN(C)CC4)c(F)c3)nc3[nH]ccc23)c1,LRRK2,6.3869,3.0,0.7142,True,0.8333,,0,0.5476
ABIVERTINIB,CHEMBL4297865,C=CC(=O)Nc1cccc(Oc2nc(Nc3ccc(N4CCN(C)CC4)c(F)c3)nc3[nH]ccc23)c1,LRRK2,6.3869,3.0,0.7142,True,0.8333,,0,0.5476
TOLCAPONE,CHEMBL1324,Cc1ccc(C(=O)c2cc(O)c(O)c([N+](=O)[O-])c2)cc1,COMT,6.8962,4.0,0.5799,True,0.3588,"DEATH, DRUG INTERACTION, FALL",1,0.5467
TOLCAPONE,CHEMBL1324,Cc1ccc(C(=O)c2cc(O)c(O)c([N+](=O)[O-])c2)cc1,COMT,6.8962,4.0,0.5799,True,0.3588,"DEATH, DRUG INTERACTION, FALL",1,0.5467
TOLCAPONE,CHEMBL1324,Cc1ccc(C(=O)c2cc(O)c(O)c([N+](=O)[O-])c2)cc1,COMT,6.8962,4.0,0.5799,True,0.3588,"DEATH, DRUG INTERACTION, FALL",1,0.5467
BETAMETHADOL,CHEMBL162243,CC[C@H](O)C(C[C@@H](C)N(C)C)(c1ccccc1)c1ccccc1,GRIN1,4.5,2.0,0.5621,True,0.9264,,0,0.5454
ALPHAMETHADOL,CHEMBL159660,CC[C@@H](O)C(C[C@@H](C)N(C)C)(c1ccccc1)c1ccccc1,GRIN1,4.5,2.0,0.5621,True,0.9264,,0,0.5454
ALPHAMETHADOL,CHEMBL159660,CC[C@@H](O)C(C[C@@H](C)N(C)C)(c1ccccc1)c1ccccc1,GRIN1,4.5,2.0,0.5621,True,0.9264,,0,0.5454
BETAMETHADOL,CHEMBL162243,CC[C@H](O)C(C[C@@H](C)N(C)C)(c1ccccc1)c1ccccc1,GRIN1,4.5,2.0,0.5621,True,0.9264,,0,0.5454
ALPHAMETHADOL,CHEMBL159660,CC[C@@H](O)C(C[C@@H](C)N(C)C)(c1ccccc1)c1ccccc1,GRIN1,4.5,2.0,0.5621,True,0.9264,,0,0.5454
BETAMETHADOL,CHEMBL162243,CC[C@H](O)C(C[C@@H](C)N(C)C)(c1ccccc1)c1ccccc1,GRIN1,4.5,2.0,0.5621,True,0.9264,,0,0.5454
ALPHAMETHADOL,CHEMBL159660,CC[C@@H](O)C(C[C@@H](C)N(C)C)(c1ccccc1)c1ccccc1,GRIN1,4.5,2.0,0.5621,True,0.9264,,0,0.5454
SELFOTEL,CHEMBL39664,O=C(O)[C@@H]1C[C@H](CP(=O)(O)O)CCN1,GRIN1,7.2676,2.0,0.4665,True,0.2951,,0,0.5404
SELFOTEL,CHEMBL39664,O=C(O)[C@@H]1C[C@H](CP(=O)(O)O)CCN1,GRIN1,7.2676,2.0,0.4665,True,0.2951,,0,0.5404
CIPARGAMIN,CHEMBL1082723,C[C@H]1Cc2c([nH]c3cc(Cl)c(F)cc23)[C@@]2(N1)C(=O)Nc1ccc(Cl)cc12,GRIN1,5.0,2.0,0.6121,True,0.9132,,0,0.5378
ESTRIOL,CHEMBL193482,C[C@]12CC[C@@H]3c4ccc(O)cc4CC[C@H]3[C@@H]1C[C@@H](O)[C@@H]2O,SNCA,4.6968,4.0,0.511,True,0.4924,"NAUSEA, FATIGUE, HEADACHE",0,0.535
VARESPLADIB,CHEMBL148674,CCc1c(C(=O)C(N)=O)c2c(OCC(=O)O)cccc2n1Cc1ccccc1,PLA2G6,6.2291,2.0,0.6368,True,0.7569,,0,0.5335
VARESPLADIB,CHEMBL148674,CCc1c(C(=O)C(N)=O)c2c(OCC(=O)O)cccc2n1Cc1ccccc1,PLA2G6,6.2291,2.0,0.6368,True,0.7569,,0,0.5335
VARESPLADIB,CHEMBL148674,CCc1c(C(=O)C(N)=O)c2c(OCC(=O)O)cccc2n1Cc1ccccc1,PLA2G6,6.2291,2.0,0.6368,True,0.7569,,0,0.5335
VARESPLADIB,CHEMBL148674,CCc1c(C(=O)C(N)=O)c2c(OCC(=O)O)cccc2n1Cc1ccccc1,PLA2G6,6.2291,2.0,0.6368,True,0.7569,,0,0.5335
VARESPLADIB,CHEMBL148674,CCc1c(C(=O)C(N)=O)c2c(OCC(=O)O)cccc2n1Cc1ccccc1,PLA2G6,6.2291,2.0,0.6368,True,0.7569,,0,0.5335
VARESPLADIB,CHEMBL148674,CCc1c(C(=O)C(N)=O)c2c(OCC(=O)O)cccc2n1Cc1ccccc1,PLA2G6,6.2291,2.0,0.6368,True,0.7569,,0,0.5335
VARESPLADIB,CHEMBL148674,CCc1c(C(=O)C(N)=O)c2c(OCC(=O)O)cccc2n1Cc1ccccc1,PLA2G6,6.2291,2.0,0.6368,True,0.7569,,0,0.5335
VARESPLADIB,CHEMBL148674,CCc1c(C(=O)C(N)=O)c2c(OCC(=O)O)cccc2n1Cc1ccccc1,PLA2G6,6.2291,2.0,0.6368,True,0.7569,,0,0.5335
MOLIBRESIB,CHEMBL1232461,CCNC(=O)C[C@@H]1N=C(c2ccc(Cl)cc2)c2cc(OC)ccc2-n2c(C)nnc21,VPS35,5.2396,2.0,0.646,True,0.9211,"DRUG INTERACTION, EPISTAXIS, PLATELET TRANSFUSION",0,0.533
MOLIBRESIB,CHEMBL1232461,CCNC(=O)C[C@@H]1N=C(c2ccc(Cl)cc2)c2cc(OC)ccc2-n2c(C)nnc21,PARK7,5.2396,2.0,0.646,True,0.9211,"DRUG INTERACTION, EPISTAXIS, PLATELET TRANSFUSION",0,0.533
PLX-5622,CHEMBL3639728,COc1ncc(F)cc1CNc1ccc(Cc2c[nH]c3ncc(C)cc23)c(F)n1,LRRK2,6.0,1.0,0.6594,True,0.9337,,0,0.528
PITTSBURGH COMPOUND B UNLABELLED,CHEMBL93124,CNc1ccc(-c2nc3ccc(O)cc3s2)cc1,MAPT,5.4874,2.0,0.5775,True,0.7073,,0,0.5251
ENTACAPONE,CHEMBL953,CCN(CC)C(=O)/C(C#N)=C/c1cc(O)c(O)c([N+](=O)[O-])c1,COMT,6.4134,4.0,0.5556,True,0.1974,"FALL, HALLUCINATION, DYSKINESIA",4,0.5097
ENTACAPONE,CHEMBL953,CCN(CC)C(=O)/C(C#N)=C/c1cc(O)c(O)c([N+](=O)[O-])c1,COMT,6.4134,4.0,0.5556,True,0.1974,"FALL, HALLUCINATION, DYSKINESIA",4,0.5097
TRANSTORINE,CHEMBL299155,O=C(O)c1cc(=O)c2ccccc2[nH]1,GRIN1,4.8239,1.0,0.5411,True,0.7547,,0,0.5042
CURCUMIN,CHEMBL140,COc1cc(/C=C/C(=O)CC(=O)/C=C/c2ccc(O)c(OC)c2)ccc1O,MAPT,5.5229,3.0,0.6273,True,0.4837,"FATIGUE, NAUSEA, DIARRHOEA",0,0.4865
CURCUMIN,CHEMBL140,COc1cc(/C=C/C(=O)CC(=O)/C=C/c2ccc(O)c(OC)c2)ccc1O,MAPT,5.5229,3.0,0.6273,True,0.4837,"FATIGUE, NAUSEA, DIARRHOEA",0,0.4865
CURCUMIN,CHEMBL140,COc1cc(/C=C/C(=O)CC(=O)/C=C/c2ccc(O)c(OC)c2)ccc1O,MAPT,5.5229,3.0,0.6273,True,0.4837,"FATIGUE, NAUSEA, DIARRHOEA",0,0.4865
CURCUMIN,CHEMBL140,COc1cc(/C=C/C(=O)CC(=O)/C=C/c2ccc(O)c(OC)c2)ccc1O,SNCA,5.5229,3.0,0.6273,True,0.4837,"FATIGUE, NAUSEA, DIARRHOEA",0,0.4865
CURCUMIN,CHEMBL140,COc1cc(/C=C/C(=O)CC(=O)/C=C/c2ccc(O)c(OC)c2)ccc1O,SNCA,5.5229,3.0,0.6273,True,0.4837,"FATIGUE, NAUSEA, DIARRHOEA",0,0.4865
CURCUMIN,CHEMBL140,COc1cc(/C=C/C(=O)CC(=O)/C=C/c2ccc(O)c(OC)c2)ccc1O,MAPT,5.5229,3.0,0.6273,True,0.4837,"FATIGUE, NAUSEA, DIARRHOEA",0,0.4865
CURCUMIN,CHEMBL140,COc1cc(/C=C/C(=O)CC(=O)/C=C/c2ccc(O)c(OC)c2)ccc1O,SNCA,5.5229,3.0,0.6273,True,0.4837,"FATIGUE, NAUSEA, DIARRHOEA",0,0.4865
CURCUMIN,CHEMBL140,COc1cc(/C=C/C(=O)CC(=O)/C=C/c2ccc(O)c(OC)c2)ccc1O,MAPT,5.5229,3.0,0.6273,True,0.4837,"FATIGUE, NAUSEA, DIARRHOEA",0,0.4865
TEZAMPANEL ANHYDROUS,CHEMBL14935,O=C(O)[C@@H]1C[C@H]2C[C@@H](CCc3nn[nH]n3)CC[C@H]2CN1,GRIN1,4.9172,2.0,0.5074,True,0.4536,,0,0.4853
BROMOCRIPTINE,CHEMBL493,CC(C)C[C@H]1C(=O)N2CCC[C@H]2[C@]2(O)O[C@](NC(=O)[C@@H]3C=C4c5cccc6[nH]c(Br)c(c56)C[C@H]4N(C)C3)(C(C)C)C(=O)N12,SNCA,4.6073,4.0,0.6544,True,0.4422,"DRUG INEFFECTIVE, OFF LABEL USE, NEUROLEPTIC MALIGNANT SYNDROME",0,0.4649
GALLIC ACID,CHEMBL288114,O=C(O)c1cc(O)c(O)c(O)c1,SNCA,5.3536,2.0,0.5173,True,0.0958,"DIARRHOEA, HYPERSENSITIVITY",0,0.4228
BAICALEIN,CHEMBL8260,O=c1cc(-c2ccccc2)oc2cc(O)c(O)c(O)c12,SNCA,5.0862,2.0,0.5979,True,0.217,,0,0.4068
QUERCETIN,CHEMBL50,O=c1c(O)c(-c2ccc(O)c(O)c2)oc2cc(O)cc(O)c12,SNCA,4.699,3.0,0.6116,True,0.0463,"FATIGUE, HEADACHE, DRUG INEFFECTIVE",0,0.3806
LUTEOLIN,CHEMBL151,O=c1cc(-c2ccc(O)c(O)c2)oc2cc(O)cc(O)c12,SNCA,4.5528,2.0,0.6046,True,0.0951,"ARTHRALGIA, DRUG INEFFECTIVE, FATIGUE",0,0.3638
(-)-EPICATECHIN,CHEMBL583912,Oc1cc(O)c2c(c1)O[C@H](c1ccc(O)c(O)c1)[C@H](O)C2,MAPT,3.699,2.0,0.5768,True,0.0563,"ARTHRALGIA, INSOMNIA, MUSCLE SPASMS",0,0.3415
(-)-EPICATECHIN,CHEMBL583912,Oc1cc(O)c2c(c1)O[C@H](c1ccc(O)c(O)c1)[C@H](O)C2,SNCA,3.699,2.0,0.5768,True,0.0563,"ARTHRALGIA, INSOMNIA, MUSCLE SPASMS",0,0.3415
(-)-EPICATECHIN,CHEMBL583912,Oc1cc(O)c2c(c1)O[C@H](c1ccc(O)c(O)c1)[C@H](O)C2,SNCA,3.699,2.0,0.5768,True,0.0563,"ARTHRALGIA, INSOMNIA, MUSCLE SPASMS",0,0.3415
